id,name,coordinate_status,booth_location,candidate_longitude,candidate_latitude,anchor_kind,anchor,constraint_distance_m,secondary_named_anchor,secondary_named_distance_m,secondary_identity_anchor,secondary_identity_match_class,secondary_identity_distance_m,secondary_identity_url,location_check,publication_decision
12742.1,1919 Root Beer,verified,Southeast corner of Dan Patch Ave. & Underwood St. outside The Garden,-93.1703352,44.9809803,street_corner,Dan Patch Avenue & Underwood Street,22.0,Treasure Island | The Garden,8.5,1919 Root Beer,exact_named_place,2.1,https://www.openstreetmap.org/node/7223510632,manual_review_15_to_30m,retain_verified
2114.1,3B Fresh Squeezed Lemonade & Foot Long Corn Dogs,approximate,West side of Liggett St. between Carnes & Judson avenues,-93.1754730684,44.9787608639,street_segment,Liggett Street between Carnes Avenue and Judson Avenue,9.0,,,Corn,no_named_place_match,832.4,https://www.openstreetmap.org/node/12148877487,consistent_with_written_location,manual_evidence_required
6135.1,About a Foot Long Hot Dog,approximate,Southwest corner of Carnes Ave. & Nelson St.,-93.1722724005,44.979795668,street_corner,Carnes Avenue & Nelson Street,17.2,,,About a Foot Long Hot Dog,ambiguous_vendor_identity,263.2,https://www.openstreetmap.org/node/13084655197,manual_review_15_to_30m,manual_evidence_required
6449.1,About a Foot Long Hot Dog,approximate,"South side of Judson Ave. between Liggett & Clough streets, in front of the Lee & Rose Warner Coliseum",-93.1738553,44.978449884892,street_segment,Judson Avenue between Liggett Street and Clough Street,15.2,Lee & Rose Warner Coliseum,1.5,About a Foot Long Hot Dog,ambiguous_vendor_identity,452.4,https://www.openstreetmap.org/node/13084655197,manual_review_15_to_30m,manual_evidence_required
9642.1,About a Foot Long Hot Dog,approximate,East side of Cosgrove St. between the Fine Arts Center & 4-H Building,-93.168036,44.9839827,named_place_or_building,Fine Arts Center,17.5,,,About a Foot Long Hot Dog,ambiguous_vendor_identity,343.4,https://www.openstreetmap.org/node/13084655197,manual_review_15_to_30m,manual_evidence_required
9642.2,About a Foot Long Hot Dog,approximate,Northwest corner of Dan Patch Ave. & Cooper St.,-93.1692872432,44.981206432,street_corner,Dan Patch Avenue & Cooper Street,14.1,,,About a Foot Long Hot Dog,ambiguous_vendor_identity,20.4,https://www.openstreetmap.org/node/13084655197,consistent_with_written_location,manual_evidence_required
6449.2,About a Foot Long Hot Dog,approximate,Southeast corner of Judson Ave. & Underwood St.,-93.1704258568,44.978478168,street_corner,Judson Avenue & Underwood Street,14.1,,,About a Foot Long Hot Dog,ambiguous_vendor_identity,297.3,https://www.openstreetmap.org/node/13084655197,consistent_with_written_location,manual_evidence_required
7388.1,Afro Deli & Grill,verified,"In the Food Building, east wall",-93.16944,44.9803502,named_place_or_building,Food Building,0.0,,,Andy's Grille,no_named_place_match,377.2,https://www.openstreetmap.org/node/12136098524,consistent_with_written_location,retain_verified
210.1,Al's Subs & Malt Shop,verified,"East side of Nelson St. between Dan Patch & Carnes avenues, next to the Giant Slide",-93.1718193,44.9803951,street_segment,Nelson Street between Dan Patch Avenue and Carnes Avenue,12.7,Giant Slide,9.1,Al's Subs,strong_named_place,0.0,https://www.openstreetmap.org/way/177770027,consistent_with_written_location,retain_verified
792.3,Aldo's Burgers,approximate,"In the Lee & Rose Warner Coliseum, west side",-93.174896844329,44.978295168621,named_place_or_building,Lee & Rose Warner Coliseum,0.0,,,Al's Subs,no_named_place_match,325.7,https://www.openstreetmap.org/way/177770027,consistent_with_written_location,manual_evidence_required
2770.1,All You Can Drink Milk,verified,Northeast corner of Judson Ave. & Clough St.,-93.1733688,44.9786946,street_corner,Judson Avenue & Clough Street,20.5,,,All You Can Drink Milk,exact_named_place,1.0,https://www.openstreetmap.org/way/177770097,manual_review_15_to_30m,retain_verified
1328.1,The Anchor Coffee House,approximate,West side of Underwood St. between Dan Patch & Carnes avenues,-93.1707088862,44.9798917,street_segment,Underwood Street between Dan Patch Avenue and Carnes Avenue,13.0,,,Haunted House,no_named_place_match,171.7,https://www.openstreetmap.org/way/159605549,consistent_with_written_location,manual_evidence_required
1872.1,Andy's Grille,verified,South side of Carnes Ave. between Chambers & Nelson streets,-93.1743171,44.979745,street_segment,Carnes Avenue between Chambers Street and Nelson Street,14.2,,,Andy's Grille,exact_named_place,12.3,https://www.openstreetmap.org/node/12136098524,consistent_with_written_location,retain_verified
5937.1,Attavio's Fries,approximate,"West side of Cooper St. between Dan Patch and Judson avenues, outside the Food Building",-93.170450184,44.9805211,street_segment,Cooper Street between Dan Patch Avenue and Judson Avenue,108.2,Food Building,10.3,,no_named_place_match,,,manual_review_conflicting_constraints,manual_evidence_required
5177.1,Auntie M's Gluten Free,approximate,"South side of Judson Ave. between Nelson & Underwood streets, just west of Adventure Park",-93.1722657289,44.9785114612,street_segment,Judson Avenue between Nelson Street and Underwood Street,12.7,Adventure Park,244.0,,no_named_place_match,,,consistent_with_written_location,manual_evidence_required
1899.1,Australian Battered Potatoes,approximate,South side of Judson Ave. between Nelson & Underwood streets,-93.1721004427,44.9785114612,street_segment,Judson Avenue between Nelson Street and Underwood Street,8.9,,,,no_named_place_match,,,consistent_with_written_location,manual_evidence_required
5146.1,BABA'S,approximate,East side of Underwood St. between Murphy & Lee avenues,-93.1702612605,44.9862244845,street_segment,Underwood Street between Murphy Avenue and Lee Avenue,15.1,,,,no_named_place_match,,,manual_review_15_to_30m,manual_evidence_required
616.1,Ball Park Cafe,approximate,East side of Underwood St. between Dan Patch & Carnes avenues,-93.1700734,44.9803924,street_segment,Underwood Street between Dan Patch Avenue and Carnes Avenue,36.4,,,Ball Park Cafe,exact_named_place,22.3,https://www.openstreetmap.org/node/7223510630,reject_over_30m,keep_withheld_priority_review
6041.1,Bandstand Concessions,approximate,Inside the Grandstand Concert Venue,-93.171914135256,44.982716512152,unparsed,,,,,,no_named_place_match,,,unparsed,manual_evidence_required
1932.1,Bayou Bob's Gator Shack,verified,Southeast corner of Dan Patch Ave. & Nelson St.,-93.171734,44.9807911,street_corner,Dan Patch Avenue & Nelson Street,27.8,,,Bayou Bob's Gator Shack,exact_named_place,0.0,https://www.openstreetmap.org/way/177770131,manual_review_15_to_30m,retain_verified
11830.1,Beans & Beignets,approximate,Northwest corner of Judson Ave. & Clough St.,-93.173685963462,44.978813280576,street_corner,Judson Avenue & Clough Street,26.1,,,Grandstand Seating,no_named_place_match,280.8,https://www.openstreetmap.org/way/773873153,manual_review_15_to_30m,manual_evidence_required
1509.4,The Big Cheese Cheese Curds,approximate,"West side of Liggett St. at Carnes Ave., just south of Mighty Midway",-93.1802250627,44.9799615,named_place_or_building,Midway Lot,29.8,,,,no_named_place_match,,,manual_review_15_to_30m,manual_evidence_required
1783.1,Big Dog Corndogs,approximate,Northeast corner of Randall Ave. & Underwood St.,-93.1703536568,44.984474232,street_corner,Randall Avenue & Underwood Street,14.1,,,Corn,ambiguous_vendor_identity,105.5,https://www.openstreetmap.org/node/12148877487,consistent_with_written_location,manual_evidence_required
1783.2,Big Dog Corndogs,approximate,West side of Underwood St. between Carnes & Judson avenues,-93.1706607419,44.9795096801,street_segment,Underwood Street between Carnes Avenue and Judson Avenue,9.0,,,Corn,ambiguous_vendor_identity,655.8,https://www.openstreetmap.org/node/12148877487,consistent_with_written_location,manual_evidence_required
1952.1,Big Fat Bacon,verified,South side of Dan Patch Ave. between Nelson & Underwood streets,-93.1708786,44.9809673,street_segment,Dan Patch Avenue between Nelson Street and Underwood Street,14.7,,,Big Fat Bacon,exact_named_place,0.0,https://www.openstreetmap.org/way/177770099,consistent_with_written_location,retain_verified
1968.1,The Blue Barn,verified,"At West End Market, south of History & Heritage Center",-93.1760875,44.9811063,named_place_or_building,History & Heritage Center,21.6,,,Blue Barn,exact_named_place,0.0,https://www.openstreetmap.org/way/177770151,manual_review_15_to_30m,retain_verified
212.1,Blue Moon Dine-In Theater,verified,Northeast corner of Carnes Ave. & Chambers St.,-93.1740994,44.9800146,street_corner,Carnes Avenue & Chambers Street,24.8,,,Blue Moon,strong_named_place,0.0,https://www.openstreetmap.org/way/177770126,manual_review_15_to_30m,retain_verified
1974.1,The Blue Ox Burger Bar,approximate,Southeast corner of Judson Ave. & Clough St.,-93.1734562568,44.978499968,street_corner,Judson Avenue & Clough Street,14.1,,,Blue Barn,no_named_place_match,347.1,https://www.openstreetmap.org/way/177770151,consistent_with_written_location,manual_evidence_required
1509.3,Bratwurst,approximate,Northwest corner of Carnes Ave. & Nelson St.,-93.1722972,44.9800237,street_corner,Carnes Avenue & Nelson Street,22.1,,,,no_named_place_match,,,manual_review_15_to_30m,manual_evidence_required
5733.5,Bridge N' Barrel Root Beer,approximate,Northwest corner of Randall & Underwood streets,-93.1706079432,44.984474232,street_corner,Randall Avenue & Underwood Street,14.1,,,,no_named_place_match,,,consistent_with_written_location,manual_evidence_required
5733.3,Bridge N' Barrel Root Beer,approximate,Northwest corner of Wright Ave. & Cooper St.,-93.1692528432,44.983338432,street_corner,Wright Avenue & Cooper Street,14.1,,,,no_named_place_match,,,consistent_with_written_location,manual_evidence_required
5733.2,Bridge N' Barrel Root Beer,approximate,Northwest corner of Carnes Ave. & Underwood St.,-93.1706802,44.9799609,street_corner,Carnes Avenue & Underwood Street,13.2,,,,no_named_place_match,,,consistent_with_written_location,manual_evidence_required
5733.4,Bridge N' Barrel Root Beer,approximate,Northwest corner of Judson Ave. & Underwood St.,-93.1706801432,44.978658032,street_corner,Judson Avenue & Underwood Street,14.1,,,,no_named_place_match,,,consistent_with_written_location,manual_evidence_required
5733.6,Bridge N' Barrel Root Beer,approximate,Northeast corner of Dan Patch Ave & Cosgrove St.,-93.1679656568,44.981216832,street_corner,Dan Patch Avenue & Cosgrove Street,14.1,,,,no_named_place_match,,,consistent_with_written_location,manual_evidence_required
5733.1,Bridge N' Barrel Root Beer,approximate,North side of Dan Patch Ave. between Nelson & Underwood streets,-93.1710891914,44.9811663029,street_segment,Dan Patch Avenue between Nelson Street and Underwood Street,9.0,,,,no_named_place_match,,,consistent_with_written_location,manual_evidence_required
1996.1,Bridgeman's Ice Cream,approximate,Northeast corner of Judson Ave. & Liggett St.,-93.1752281568,44.978658932,street_corner,Judson Avenue & Liggett Street,14.1,,,,no_named_place_match,,,consistent_with_written_location,manual_evidence_required
2005.1,Buni's,approximate,Northwest corner of Judson Ave. & Liggett St.,-93.1754824432,44.978658932,street_corner,Judson Avenue & Liggett Street,14.1,,,,no_named_place_match,,,consistent_with_written_location,manual_evidence_required
227.1,Butcher Boys,approximate,North side of Dan Patch Ave. between Nelson & Underwood streets,-93.170865162821,44.980902605354,street_segment,Dan Patch Avenue between Nelson Street and Underwood Street,22.0,,,The Lunch Box,no_named_place_match,167.3,https://www.openstreetmap.org/way/177770098,manual_review_15_to_30m,manual_evidence_required
10014.1,Butcher Boys,approximate,West side of Liggett St. between Carnes & West Dan Patch avenues,-93.175614425979,44.980217873197,street_segment,Liggett Street between Carnes Avenue and West Dan Patch Avenue,19.0,,,The Lunch Box,no_named_place_match,545.2,https://www.openstreetmap.org/way/177770098,manual_review_15_to_30m,manual_evidence_required
2021.1,Cafe Caribe,verified,South side of Carnes Ave. between Chambers & Clough streets,-93.1738652,44.9797356,street_segment,Carnes Avenue between Chambers Street and Clough Street,15.6,,,Cafe Caribe,exact_named_place,12.0,https://www.openstreetmap.org/node/12136098523,manual_review_15_to_30m,retain_verified
2029.1,Candy Factory,approximate,Northeast corner of Murphy Ave. & Cooper St.,-93.1689313568,44.987286232,street_corner,Murphy Avenue & Cooper Street,14.1,,,,no_named_place_match,,,consistent_with_written_location,manual_evidence_required
2031.1,Caramel Apple Sundae,approximate,"Between Chambers & Nelson streets, just south of the Grandstand",-93.1743413865,44.9800330569,street_corridor,Chambers Street,0.0,,,,no_named_place_match,,,consistent_with_written_location,manual_evidence_required
1887.1,"Caramel Apples, Cotton Candy, Sno Kones",approximate,South side of Randall Ave. between Underwood & Cooper streets,-93.170136053846,44.984202172662,street_segment,Randall Avenue between Underwood Street and Cooper Street,19.9,,,,no_named_place_match,,,manual_review_15_to_30m,manual_evidence_required
2037.1,Caribbean Smoothees,approximate,West side of Liggett St. between Carnes & Judson avenues,-93.1754414716,44.9798674,street_segment,Liggett Street between Carnes Avenue and Judson Avenue,5.0,,,,no_named_place_match,,,consistent_with_written_location,manual_evidence_required
12335.1,Carl's Gizmo,verified,South side of Dan Patch Ave. between Underwood & Cooper streets,-93.1692506,44.9813316,street_segment,Dan Patch Avenue between Underwood Street and Cooper Street,23.9,,,,no_named_place_match,,,manual_review_15_to_30m,retain_verified
7099.1,Carousel BBQ,approximate,West side of Chambers St. between West Dan Patch & Carnes avenues,-93.1745832207,44.9806816718,street_segment,Chambers Street between West Dan Patch Avenue and Carnes Avenue,8.9,,,Carousel,strong_named_place,131.4,https://www.openstreetmap.org/way/164878246,consistent_with_written_location,manual_evidence_required
2065.1,Chan's Chicken On A Stick,approximate,South side of Judson Ave. between Nelson & Underwood streets,-93.1721767286,44.9785426146,street_segment,Judson Avenue between Nelson Street and Underwood Street,5.9,,,Math On-A-Stick,no_named_place_match,695.5,https://www.openstreetmap.org/node/9066981317,consistent_with_written_location,manual_evidence_required
9238.1,Chan's Eatery,approximate,East side of Underwood St. between Murphy & Lee avenues,-93.1703370205,44.9868465179,street_segment,Underwood Street between Murphy Avenue and Lee Avenue,9.0,,,The Hangar,no_named_place_match,53.8,https://www.openstreetmap.org/way/164878256,consistent_with_written_location,manual_evidence_required
2067.1,Charcoal Hut,verified,"East side of Judson Ave. between Underwood & Cooper streets, next to the International Bazaar",-93.1690625,44.9785625,street_segment,Judson Avenue between Underwood Street and Cooper Street,68.1,International Bazaar,14.6,Charcoal Hut,exact_named_place,0.0,https://www.openstreetmap.org/way/177770064,manual_review_conflicting_constraints,retain_verified_with_landmark_exception_review
2075.1,Chicago Dogs,approximate,"In The Garden, east wall",-93.1702122427,44.9809236,named_place_or_building,Treasure Island | The Garden,4.0,,,,no_named_place_match,,,consistent_with_written_location,manual_evidence_required
11505.1,Chocolate Strawberry Cup,approximate,Southwest corner of Dan Patch Ave. & Cooper St.,-93.1692872432,44.981026568,street_corner,Dan Patch Avenue & Cooper Street,14.1,,,,no_named_place_match,,,consistent_with_written_location,manual_evidence_required
2084.1,CinnieSmiths,verified,South side of Murphy Ave. between Underwood & Cooper streets,-93.1693875,44.9871474,street_segment,Murphy Avenue between Underwood Street and Cooper Street,5.7,,,Kiwanis Malts,no_named_place_match,382.6,https://www.openstreetmap.org/way/773881582,consistent_with_written_location,retain_verified
216.1,Coasters,verified,Southeast corner of Carnes Ave. & Liggett St.,-93.1750531,44.9797389,street_corner,Carnes Avenue & Liggett Street,29.3,,,State Fair Corn Roast,no_named_place_match,291.7,https://www.openstreetmap.org/way/177770081,manual_review_15_to_30m,retain_verified
2112.1,Corn Roast,verified,Southeast corner of Dan Patch Ave. & Nelson St.,-93.1716163,44.9808717,street_corner,Dan Patch Avenue & Nelson Street,20.7,,,State Fair Corn Roast,exact_named_place,0.0,https://www.openstreetmap.org/way/177770081,manual_review_15_to_30m,retain_verified
3505.1,Cotton Candy 7 Different Flavors,approximate,Southeast corner of Dan Patch Ave. & Underwood St.,-93.1703990568,44.981034668,street_corner,Dan Patch Avenue & Underwood Street,14.1,,,,no_named_place_match,,,consistent_with_written_location,manual_evidence_required
2142.1,Cream Puffs,approximate,Southwest corner of West Dan Patch Ave. & Liggett St.,-93.1754916432,44.980627468,street_corner,West Dan Patch Avenue & Liggett Street,14.1,,,,no_named_place_match,,,consistent_with_written_location,manual_evidence_required
2069.2,Crutchees Cheese on a Stick,approximate,southeast corner of West Dan Patch Ave. & Liggett St.,-93.1752373568,44.980627468,street_corner,West Dan Patch Avenue & Liggett Street,14.1,,,Math On-A-Stick,no_named_place_match,673.2,https://www.openstreetmap.org/node/9066981317,consistent_with_written_location,manual_evidence_required
2069.1,Crutchees Cheese on a Stick,approximate,Northeast corner of Judson Ave. & Nelson St.,-93.1719732995,44.978682332,street_corner,Judson Avenue & Nelson Street,17.2,,,Math On-A-Stick,no_named_place_match,674.6,https://www.openstreetmap.org/node/9066981317,manual_review_15_to_30m,manual_evidence_required
244.1,The Dairy Bar,approximate,"In the Food Building, south wall",-93.1699973,44.9801218,named_place_or_building,Food Building,0.0,,,Dairy Dog,no_named_place_match,190.5,https://www.openstreetmap.org/node/11227582236,consistent_with_written_location,manual_evidence_required
2770.2,Dairy Goodness,approximate,"In the Dairy Building, south wall",-93.1709963,44.977899148,named_place_or_building,Dairy Building,0.0,,,Dairy Dog,no_named_place_match,69.1,https://www.openstreetmap.org/node/11227582236,consistent_with_written_location,manual_evidence_required
3745.1,Danielson's & Daughters Onion Rings,approximate,"Between Underwood & Cooper streets, outside south side of the Food Building",-93.1699518073,44.9799973,named_place_or_building,Food Building,6.2,,,,no_named_place_match,,,consistent_with_written_location,manual_evidence_required
2182.1,Daryl's Dog House,approximate,South side of Carnes Ave. between Nelson & Underwood streets,-93.1715561959,44.9798067782,street_segment,Carnes Avenue between Nelson Street and Underwood Street,9.0,,,Dairy Dog,no_named_place_match,157.0,https://www.openstreetmap.org/node/11227582236,consistent_with_written_location,manual_evidence_required
3340.2,Deep Fried Batter Dipped Twinkies & Buckeyes,approximate,East side of Cooper St. outside the Merch Market,-93.168578956,44.980762,named_place_or_building,Merchandise Mart,1.2,,,,no_named_place_match,,,consistent_with_written_location,manual_evidence_required
2192.1,Deep Fried Candy Bars,approximate,North side of Carnes Ave. between Nelson & Underwood streets,-93.1720944,44.9799665388,street_segment,Carnes Avenue between Nelson Street and Underwood Street,9.0,,,Sheep & Poultry Barn,no_named_place_match,156.9,https://www.openstreetmap.org/way/68169471,consistent_with_written_location,manual_evidence_required
2198.1,Demetri's Fine Greek Foods,approximate,East side of Nelson St. between Dan Patch & Carnes avenues,-93.1717027711,44.9811464,street_segment,Nelson Street between Dan Patch Avenue and Carnes Avenue,9.0,,,,no_named_place_match,,,consistent_with_written_location,manual_evidence_required
1457.1,Dino's Gyros,verified,North side of Carnes Ave. between Nelson & Underwood streets,-93.1710869,44.980113,street_segment,Carnes Avenue between Nelson Street and Underwood Street,24.8,,,Dino's Gyro's,exact_named_place,4.6,https://www.openstreetmap.org/way/1030511112,manual_review_15_to_30m,retain_verified
2208.1,Dippin' Dots,approximate,South side of Carnes Ave. between Nelson & Underwood streets,-93.1705436,44.9798107612,street_segment,Carnes Avenue between Nelson Street and Underwood Street,9.0,,,,no_named_place_match,,,consistent_with_written_location,manual_evidence_required
12663.1,dodopop,approximate,Northeast corner of Dan Patch Ave. & Cooper St.,-93.1690329568,44.981206432,street_corner,Dan Patch Avenue & Cooper Street,14.1,,,,no_named_place_match,,,consistent_with_written_location,manual_evidence_required
225.1,Donna's Bar-B-Q,verified,Southwest corner of Judson Ave. & Liggett St.,-93.1755381,44.9784136,street_corner,Judson Avenue & Liggett Street,22.5,,,,no_named_place_match,,,manual_review_15_to_30m,retain_verified
3448.1,The Donut Family,approximate,At Mighty Midway,-93.1780542927,44.9799615,named_place_or_building,Midway Lot,31.9,,,,no_named_place_match,,,reject_over_30m,keep_withheld_priority_review
265.1,Duke's Poutine,approximate,North side of Judson Ave. between Clough & Nelson streets,-93.173338053846,44.978715784173,street_segment,Judson Avenue between Clough Street and Nelson Street,14.0,,,,no_named_place_match,,,consistent_with_written_location,manual_evidence_required
10312.2,El Burrito Mercado,approximate,"At the International Bazaar, south wall",-93.1689079927,44.97799,named_place_or_building,International Bazaar,0.0,,,,no_named_place_match,,,consistent_with_written_location,manual_evidence_required
226.1,El Sol Mexican Foods,approximate,"East side of Underwood St. between Dan Patch & Carnes avenues, outside southwest corner of the Food Building",-93.170450184,44.9799973,street_corner,Underwood Street & Dan Patch Avenue,125.5,Food Building,8.2,,no_named_place_match,,,manual_review_conflicting_constraints,manual_evidence_required
3280.1,Elm's Shaved Ice,approximate,Southwest corner of Judson Ave. & Liggett St.,-93.1754824432,44.978479068,street_corner,Judson Avenue & Liggett Street,14.1,,,,no_named_place_match,,,consistent_with_written_location,manual_evidence_required
2279.1,Falafel King,approximate,"In the Food Building, south wall",-93.1698500927,44.9801137,named_place_or_building,Food Building,0.0,,,,no_named_place_match,,,consistent_with_written_location,manual_evidence_required
2305.1,Fish & Chips Seafood Shoppe,approximate,"In the Food Building, northwest section",-93.1701043677,44.9807636,named_place_or_building,Food Building,0.0,,,,no_named_place_match,,,consistent_with_written_location,manual_evidence_required
228.1,Flowering Onions,approximate,South side of Judson Ave. between Nelson & Underwood streets,-93.1715625,44.9786875,street_segment,Judson Avenue between Nelson Street and Underwood Street,11.6,,,Farmers Union,no_named_place_match,373.1,https://www.openstreetmap.org/way/177770111,consistent_with_written_location,manual_evidence_required
4752.1,Fluffy's Hand Cut Donuts,approximate,On the northwest corner of Carnes Ave. & Chambers St.,-93.1744694432,44.979962432,street_corner,Carnes Avenue & Chambers Street,14.1,,,,no_named_place_match,,,consistent_with_written_location,manual_evidence_required
2332.1,French Crêperie,approximate,North side of Carnes Ave. between Nelson & Underwood streets,-93.1720684315,44.979966641,street_segment,Carnes Avenue between Nelson Street and Underwood Street,9.0,,,Mancini's / French Crepes,no_named_place_match,17.4,https://www.openstreetmap.org/way/177770021,consistent_with_written_location,manual_evidence_required
2336.1,French Meadow Bakery & Cafe,verified,North side of Carnes Ave. between Nelson & Underwood streets,-93.1712263,44.9801274,street_segment,Carnes Avenue between Nelson Street and Underwood Street,26.5,,,French Meadow Bakery & Cafe,exact_named_place,2.3,https://www.openstreetmap.org/way/177770139,manual_review_15_to_30m,retain_verified
2340.1,Fresh French Fries,approximate,At Mighty Midway,-93.175131979,44.9802207234,named_place_or_building,Midway Lot,30.8,,,Fresh French Fries,ambiguous_vendor_identity,0.0,https://www.openstreetmap.org/way/177770115,reject_over_30m,keep_withheld_priority_review
2340.2,Fresh French Fries,approximate,North side of Judson Ave. between Nelson & Underwood streets,-93.1711875,44.9788125,street_segment,Judson Avenue between Nelson Street and Underwood Street,26.1,,,Fresh French Fries,ambiguous_vendor_identity,0.0,https://www.openstreetmap.org/way/177770104,manual_review_15_to_30m,manual_evidence_required
2387.1,Fresh Lemonade - Cheese on a Stick,approximate,West side of Nelson St. between Dan Patch & Carnes avenues,-93.1719316289,44.9811464,street_segment,Nelson Street between Dan Patch Avenue and Carnes Avenue,8.9,,,Nelson Cheese & Deli,no_named_place_match,624.8,https://www.openstreetmap.org/way/130819068,consistent_with_written_location,manual_evidence_required
217.1,Fresh Made Nut Rolls,approximate,Northeast corner of Dan Patch Ave. & Underwood St.,-93.1703990568,44.981214532,street_corner,Dan Patch Avenue & Underwood Street,14.1,,,,no_named_place_match,,,consistent_with_written_location,manual_evidence_required
244.2,"Fresh Squeezed Lemonade, Fruit Smoothies, Fresh Squeezed Orange Treet & Strawberry Treet",approximate,"Outside the Food Building, southwest side",-93.1700195,44.9799882,named_place_or_building,Food Building,7.3,,,,no_named_place_match,,,consistent_with_written_location,manual_evidence_required
2342.1,Fried Olives On A Stick,approximate,West of Nelson St. just south of the Grandstand,-93.172095979487,44.979873904664,street_corridor,Nelson Street,0.1,,,Math On-A-Stick,no_named_place_match,562.9,https://www.openstreetmap.org/node/9066981317,consistent_with_written_location,manual_evidence_required
2348.1,The Frontier,verified,South side of Carnes Ave. between Liggett & Chambers streets,-93.1747221,44.9797269,street_segment,Carnes Avenue between Liggett Street and Chambers Street,16.0,,,,no_named_place_match,,,manual_review_15_to_30m,retain_verified
2359.1,Funnel Cakes,approximate,"In the Food Building, east wall",-93.1694229107,44.9805211,named_place_or_building,Food Building,2.8,,,,no_named_place_match,,,consistent_with_written_location,manual_evidence_required
2247.1,Funnel Cakes,approximate,North side of Dan Patch Ave. between Nelson & Underwood streets,-93.1704753427,44.9812055388,street_segment,Dan Patch Avenue between Nelson Street and Underwood Street,9.8,,,,no_named_place_match,,,consistent_with_written_location,manual_evidence_required
2029.2,Funnel Cakes,approximate,"South side of Judson Ave. between Nelson & Underwood streets, at Adventure Park",-93.1708435804,44.9784915791,street_segment,Judson Avenue between Nelson Street and Underwood Street,9.0,Adventure Park,335.8,,no_named_place_match,,,consistent_with_written_location,manual_evidence_required
2196.1,Galaxy of Drinks,approximate,"West side of Liggett St., just south of Mighty Midway",-93.1803267773,44.9799615,named_place_or_building,Midway Lot,27.8,,,,no_named_place_match,,,manual_review_15_to_30m,manual_evidence_required
2375.1,Gass Station Grill,approximate,"West side of Cooper St. between Dan Patch & Judson avenues, outside southeast corner of the Food Building",-93.169415603846,44.980195956835,street_corner,Cooper Street & Dan Patch Avenue,104.3,Food Building,0.6,,no_named_place_match,,,manual_review_conflicting_constraints,manual_evidence_required
3255.1,German Root Beer and Popcorn,approximate,East of Chambers St. just south of the Grandstand,-93.1742269973,44.9800221197,street_corridor,Chambers Street,9.0,,,Corn,no_named_place_match,663.1,https://www.openstreetmap.org/node/12148877487,consistent_with_written_location,manual_evidence_required
10093.1,Giggles' Campfire Grill,verified,Southeast corner of Lee Ave. & Cooper St. at The North Woods,-93.1688586,44.9856224,street_corner,Lee Avenue & Cooper Street,28.0,,,Giggles' Campfire Grille,no_named_place_match,,https://www.openstreetmap.org/relation/20750347,manual_review_15_to_30m,retain_verified
2527.1,Goertzes Dairy Kone,approximate,"East side of Cooper St., next to the Merch Market",-93.168621988,44.980762,named_place_or_building,Merchandise Mart,0.0,,,,no_named_place_match,,,consistent_with_written_location,manual_evidence_required
10990.1,Gopher Dairy Bar,approximate,South side of Judson Ave. between Stevens & Liggett streets,-93.1753553,44.9784880612,street_segment,Judson Avenue between Stevens Street and Liggett Street,9.0,,,MN GOP,no_named_place_match,346.5,https://www.openstreetmap.org/way/177770037,consistent_with_written_location,manual_evidence_required
2415.1,Grandstand Mini Donuts,approximate,"East of Chambers St., just south of the Grandstand",-93.1742625711,44.9806069612,street_corridor,Chambers Street,6.5,,,Grandstand Seating,no_named_place_match,85.2,https://www.openstreetmap.org/way/773873153,consistent_with_written_location,manual_evidence_required
11704.1,Granny's Apples + Lemonade,approximate,"In the Food Building, west wall",-93.1703125,44.9803125,named_place_or_building,Food Building,0.0,,,,no_named_place_match,,,consistent_with_written_location,manual_evidence_required
2417.1,Granny's Cheesecake & More,approximate,North side of Dan Patch Ave. between Nelson & Underwood streets,-93.1705262,44.9812415116,street_segment,Dan Patch Avenue between Nelson Street and Underwood Street,13.0,,,Nelson Cheese & Deli,no_named_place_match,560.6,https://www.openstreetmap.org/way/130819068,consistent_with_written_location,manual_evidence_required
10347.1,Greater Tater,verified,"West side of Liggett St. between Carnes & Judson avenues, outside the Horse Barn",-93.1756477,44.9792492,street_segment,Liggett Street between Carnes Avenue and Judson Avenue,22.1,Horse Barn,0.0,,no_named_place_match,,,manual_review_15_to_30m,retain_verified
2437.1,Green Mill,verified,"East side of Cooper St. between Randall & Wright avenues, at Family Fair at Baldwin Park",-93.1688826,44.9841057,street_segment,Cooper Street between Randall Avenue and Wright Avenue,18.0,Baldwin Park,5.4,Ye Old Mill,no_named_place_match,505.4,https://www.openstreetmap.org/way/164878263,manual_review_15_to_30m,retain_verified
2447.1,Gyros by G&G Concessions,approximate,Northeast corner of Lee Ave. & Underwood St.,-93.1703278568,44.985919032,street_corner,Lee Avenue & Underwood Street,14.1,,,,no_named_place_match,,,consistent_with_written_location,manual_evidence_required
3684.1,Hamline Church Dining Hall,verified,North side of Dan Patch Ave. between Underwood & Cooper streets,-93.1698412,44.9814379,street_segment,Dan Patch Avenue between Underwood Street and Cooper Street,35.3,,,Hamline Church Dining Hall,exact_named_place,0.0,https://www.openstreetmap.org/way/177770015,manual_review_conflicting_constraints,retain_verified_with_landmark_exception_review
3450.1,The Hangar,verified,"On the northeast corner of Underwood St. and Murphy Ave., at the North End",-93.1702407,44.9873662,street_corner,Underwood Street & Murphy Avenue,24.4,,,The Hangar,exact_named_place,0.0,https://www.openstreetmap.org/way/164878256,manual_review_15_to_30m,retain_verified
2477.1,Hawaiian Shaved Ice,approximate,North side of Dan Patch Ave. between Underwood & Cooper streets,-93.1705770573,44.9812055388,street_segment,Dan Patch Avenue between Underwood Street and Cooper Street,9.8,,,,no_named_place_match,,,consistent_with_written_location,manual_evidence_required
2493.1,Henry's Kettle Korn,approximate,"East side of Cooper St. between Lee & Randall avenues, at The North Woods",-93.168983431,44.9847700149,street_segment,Cooper Street between Lee Avenue and Randall Avenue,9.0,,,,no_named_place_match,,,consistent_with_written_location,manual_evidence_required
5836.1,The Herbivorous Butcher,approximate,"In the Food Building, west section, south wall",-93.170328132,44.9801137,named_place_or_building,Food Building,0.0,,,,no_named_place_match,,,consistent_with_written_location,manual_evidence_required
3790.1,The Hideaway Speakeasy,verified,"In the Grandstand, upper level, west section",-93.1738435,44.9812464,unparsed,,,,,Midway Parkway,no_named_place_match,552.6,https://www.openstreetmap.org/way/917065664,unparsed,retain_verified
3689.1,Holy Land,approximate,"At the International Bazaar, southeast corner",-93.16852394,44.97799,named_place_or_building,International Bazaar,0.0,,,,no_named_place_match,,,consistent_with_written_location,manual_evidence_required
2196.2,Ice Cold Root Beer,approximate,East side of Nelson St. between Carnes & Judson avenues,-93.1720368711,44.9785924,street_segment,Nelson Street between Carnes Avenue and Judson Avenue,9.0,,,1919 Root Beer,no_named_place_match,295.4,https://www.openstreetmap.org/node/7223510632,consistent_with_written_location,manual_evidence_required
13242.1,Iemochi Japanese Confections,approximate,"At the International Bazaar, south wall",-93.1689842786,44.9779588466,named_place_or_building,International Bazaar,0.0,,,,no_named_place_match,,,consistent_with_written_location,manual_evidence_required
2569.1,iPierogi,approximate,"In the Food Building, south wall",-93.169815853846,44.980213683453,named_place_or_building,Food Building,0.0,,,,no_named_place_match,,,consistent_with_written_location,manual_evidence_required
2561.1,Isabel Burke's Taffy,approximate,"Between Underwood & Cooper streets, outside south side of the Food Building",-93.1698500927,44.9799973,named_place_or_building,Food Building,6.2,,,,no_named_place_match,,,consistent_with_written_location,manual_evidence_required
2565.1,Italian Junction,verified,South side of Dan Patch Ave. between Nelson & Underwood streets,-93.1714778,44.9809592,street_segment,Dan Patch Avenue between Nelson Street and Underwood Street,11.0,,,Italian Junction,exact_named_place,0.0,https://www.openstreetmap.org/way/177770088,consistent_with_written_location,retain_verified
2582.1,Java Jive,verified,South side of West Dan Patch Ave. between Liggett & Chambers streets,-93.1750625,44.9806875,street_segment,West Dan Patch Avenue between Liggett Street and Chambers Street,5.5,,,Java Jive,exact_named_place,5.7,https://www.openstreetmap.org/way/1211896526,consistent_with_written_location,retain_verified
239.1,The Jerky Shoppe,approximate,"In the Grandstand, lower level, west wall, row 10",-93.174590014103,44.981971783556,unparsed,,,,,,no_named_place_match,,,unparsed,manual_evidence_required
7741.1,Jive Turkey BBQ,approximate,North side of Lee Ave. between Underwood & Cooper streets,-93.1699960316,44.9859884093,street_segment,Lee Avenue between Underwood Street and Cooper Street,17.9,,,,no_named_place_match,,,manual_review_15_to_30m,manual_evidence_required
4847.1,JJ Vescio's,verified,"East of Chambers St., just south of the Grandstand",-93.1738345,44.9807007,street_corridor,Chambers Street,41.3,,,Vescio's at the Fair,strong_named_place,0.0,https://www.openstreetmap.org/way/177770119,manual_review_conflicting_constraints,retain_verified_with_landmark_exception_review
3695.1,JonnyPops,approximate,"At West End Market, center section",-93.176282873718,44.981753212453,unparsed,,,,,,no_named_place_match,,,unparsed,manual_evidence_required
2604.1,Juanita's Fajitas,approximate,"West of Nelson St., just south of the Grandstand",-93.1722740144,44.9804592321,street_corridor,Nelson Street,8.9,,,Kiwanis Malts,no_named_place_match,510.6,https://www.openstreetmap.org/way/773881582,consistent_with_written_location,manual_evidence_required
2122.1,Kathie's Cotton Candy,approximate,West side of Liggett St. between Carnes & Judson avenues,-93.1754922935,44.9798653706,street_segment,Liggett Street between Carnes Avenue and Judson Avenue,9.0,,,,no_named_place_match,,,consistent_with_written_location,manual_evidence_required
2122.2,Kathie's Cotton Candy,approximate,"West of Nelson St., just south of the Grandstand",-93.1720304289,44.9810130612,street_corridor,Nelson Street,1.3,,,,no_named_place_match,,,consistent_with_written_location,manual_evidence_required
2122.3,Kathie's Cotton Candy,approximate,West side of Liggett St. between West Dan Patch & Carnes avenues,-93.175379328846,44.98039981295,street_segment,Liggett Street between West Dan Patch Avenue and Carnes Avenue,0.8,,,,no_named_place_match,,,consistent_with_written_location,manual_evidence_required
2607.1,Katie's Famous Sweet Tea,approximate,At Mighty Midway,-93.177235873077,44.980200388489,named_place_or_building,Midway Lot,6.1,,,,no_named_place_match,,,consistent_with_written_location,manual_evidence_required
3986.1,Key Lime Pie Bar,approximate,"West side of Cooper St., just north of the Agriculture Horticulture Building",-93.1702941,44.9792257,named_place_or_building,Agriculture Horticulture Building,0.0,,,,no_named_place_match,,,consistent_with_written_location,manual_evidence_required
11408.1,Kiwanis Malts,approximate,East side of Cosgrove St. between the Fine Arts Center & 4-H Building,-93.16738162,44.98408535,named_place_or_building,Fine Arts Center,0.0,,,Kiwanis Malts,exact_named_place,33.6,https://www.openstreetmap.org/way/773881582,consistent_with_written_location,manual_evidence_required
3699.1,Kora & Mila's Cookie Dough,approximate,South side of Dan Patch Ave. between Cooper & Cosgrove streets,-93.1681436573,44.9810459612,street_segment,Dan Patch Avenue between Cooper Street and Cosgrove Street,8.9,,,,no_named_place_match,,,consistent_with_written_location,manual_evidence_required
10432.1,Kosharina Egyptian Cuisine,approximate,Located south of the Grandstand Building under the Grandstand Ramp,-93.173359,44.980671,street_corridor,Grandstand Ramp,1.1,,,,no_named_place_match,,,consistent_with_written_location,manual_evidence_required
2120.2,L & B Cotton Candy,approximate,Northwest corner of Dan Patch Ave. & Underwood St.,-93.1706533432,44.981214532,street_corner,Dan Patch Avenue & Underwood Street,14.1,,,,no_named_place_match,,,consistent_with_written_location,manual_evidence_required
2120.3,L & B Cotton Candy,approximate,Southwest corner of Carnes Ave. & Nelson St.,-93.1721706859,44.979795668,street_corner,Carnes Avenue & Nelson Street,11.7,,,,no_named_place_match,,,consistent_with_written_location,manual_evidence_required
2120.1,L & B Cotton Candy,approximate,South side of Judson Ave. between Nelson & Underwood streets,-93.1710492812,44.9784947065,street_segment,Judson Avenue between Nelson Street and Underwood Street,9.0,,,,no_named_place_match,,,consistent_with_written_location,manual_evidence_required
241.1,Leimon's Pizzeria,approximate,At Mighty Midway,-93.175851257692,44.979704892994,named_place_or_building,Midway Lot,7.6,,,,no_named_place_match,,,consistent_with_written_location,manual_evidence_required
5171.1,Libby's Ice Cream & Co.,approximate,"Located south of the Grandstand Building, under the Grandstand Ramp",-93.1733509427,44.9810026612,street_corridor,Grandstand Ramp,3.1,,,,no_named_place_match,,,consistent_with_written_location,manual_evidence_required
2681.1,Libby's Soft Serve 16 Flavors,approximate,East side of Cosgrove St. outside the Education Building,-93.167894653846,44.982555949367,named_place_or_building,Education Building,10.4,,,,no_named_place_match,,,consistent_with_written_location,manual_evidence_required
3477.1,Licorice Ropes,approximate,"In the Grandstand, lower level, east section",-93.172642234615,44.981200253165,unparsed,,,,,State Fair Corn Roast,no_named_place_match,83.9,https://www.openstreetmap.org/way/177770081,unparsed,manual_evidence_required
3386.2,Loon Lake Iced Tea,approximate,West side of Underwood St. between Wright & Dan Patch avenues,-93.1706037289,44.9832551,street_segment,Underwood Street between Wright Avenue and Dan Patch Avenue,9.0,,,,no_named_place_match,,,consistent_with_written_location,manual_evidence_required
2708.1,Luigi Fries,approximate,Northeast corner of Carnes Ave. & Nelson St.,-93.1719672568,44.979975532,street_corner,Carnes Avenue & Nelson Street,14.1,,,,no_named_place_match,,,consistent_with_written_location,manual_evidence_required
1416.1,LuLu's Public House,verified,"At West End Market, south of Schilling Amphitheater",-93.1776071,44.9812286,named_place_or_building,Schilling Amphitheater,29.2,,,Lulu's Public House,exact_named_place,0.0,https://www.openstreetmap.org/way/177770113,manual_review_15_to_30m,retain_verified
9067.1,Lumpia City,approximate,West side of Liggett St. between Carnes & Judson avenues,-93.1754919595,44.9798461822,street_segment,Liggett Street between Carnes Avenue and Judson Avenue,9.0,,,,no_named_place_match,,,consistent_with_written_location,manual_evidence_required
2710.1,The Lunch Box,verified,"East side of Cooper St. between Wright & Dan Patch avenues, south of the Home Improvement Building",-93.1689096,44.9816333,street_segment,Cooper Street between Wright Avenue and Dan Patch Avenue,19.0,Home Improvement Building,7.4,The Lunch Box,exact_named_place,2.9,https://www.openstreetmap.org/way/177770098,manual_review_15_to_30m,retain_verified
2673.1,Luther Auto Pit Stop,approximate,"East side of Cooper St. between Dan Patch and Judson avenues, just south of the Bandshell",-93.169006117308,44.979987669065,street_segment,Cooper Street between Dan Patch Avenue and Judson Avenue,1.9,,,,no_named_place_match,,,consistent_with_written_location,manual_evidence_required
2719.1,Lynn's Lefse,approximate,"In the Food Building, south wall",-93.1699263786,44.9801448534,named_place_or_building,Food Building,0.0,,,,no_named_place_match,,,consistent_with_written_location,manual_evidence_required
2727.1,Mac's Grille,approximate,"In the Food Building, south wall",-93.169814006238,44.980146708644,named_place_or_building,Food Building,0.0,,,Andy's Grille,no_named_place_match,344.7,https://www.openstreetmap.org/node/12136098524,consistent_with_written_location,manual_evidence_required
10914.1,Magdalena's Chimney Cakes,approximate,North side of Judson Ave. between Clough & Nelson streets,-93.1735834,44.9786708388,street_segment,Judson Avenue between Clough Street and Nelson Street,9.0,,,,no_named_place_match,,,consistent_with_written_location,manual_evidence_required
198.1,Mancini's al Fresco,verified,North side of Carnes Ave. between Nelson & Underwood streets,-93.1716697,44.9801006,street_segment,Carnes Avenue between Nelson Street and Underwood Street,23.7,,,Mancini's / French Crepes,no_named_place_match,0.0,https://www.openstreetmap.org/way/177770021,manual_review_15_to_30m,retain_verified
2737.1,Manny's Tortas,approximate,"In the Food Building, northeast section",-93.169646675,44.9807636,named_place_or_building,Food Building,0.0,,,,no_named_place_match,,,consistent_with_written_location,manual_evidence_required
2743.1,Mario's,approximate,"In the Food Building, northwest section",-93.1701806536,44.9807947534,named_place_or_building,Food Building,0.0,,,Menards,no_named_place_match,219.1,https://www.openstreetmap.org/way/177770129,consistent_with_written_location,manual_evidence_required
2758.1,Mexican Hat,verified,"East of Chambers St., just south of the Grandstand",-93.1740205,44.9806661,street_corridor,Chambers Street,26.3,,,Mexican Hat,exact_named_place,0.0,https://www.openstreetmap.org/way/177770133,manual_review_15_to_30m,retain_verified
2764.2,Midtown Global Market's El Taco Torro,approximate,"In the Taste of the Midtown Global Market booth at the International Bazaar, east wall",-93.1685625,44.9780625,named_place_or_building,International Bazaar,1.8,,,,no_named_place_match,,,consistent_with_written_location,manual_evidence_required
2764.1,Midtown Global Market's Irie Jamaican Express,approximate,"In the Taste of the Midtown Global Market booth at the International Bazaar, east wall",-93.16852394,44.97818845,named_place_or_building,International Bazaar,1.5,,,,no_named_place_match,,,consistent_with_written_location,manual_evidence_required
10877.1,Midway Mens Club,verified,"East side of Underwood St. between Wright & Dan Patch avenues, next to Visitors Plaza",-93.1702901,44.981689,street_segment,Underwood Street between Wright Avenue and Dan Patch Avenue,17.8,Visitors Plaza,8.0,Midway Men's Club,exact_named_place,0.0,https://www.openstreetmap.org/way/177770063,manual_review_15_to_30m,retain_verified
154.1,Mike's Hamburgers,verified,Northeast corner of Carnes Ave. & Nelson St.,-93.171927,44.9800383,street_corner,Carnes Avenue & Nelson Street,21.5,,,,no_named_place_match,,,manual_review_15_to_30m,retain_verified
2776.1,Miller's Flavored Cheese Curds,verified,"East side of Nelson St. between Dan Patch & Carnes avenues, next to the Giant Slide",-93.1719291,44.9801338,street_segment,Nelson Street between Dan Patch Avenue and Carnes Avenue,8.6,Giant Slide,11.5,,no_named_place_match,,,consistent_with_written_location,retain_verified
2780.1,Mini Melts/Wonder Bar,approximate,"East side of Cooper St. between Randall & Wright avenues, at Family Fair at Baldwin Park",-93.169058457692,44.98373886076,street_segment,Cooper Street between Randall Avenue and Wright Avenue,4.7,Baldwin Park,8.0,,no_named_place_match,,,consistent_with_written_location,manual_evidence_required
1548.1,Minneapple Pie,verified,South side of Judson Ave. between Nelson & Underwood streets,-93.1716182,44.9787774,street_segment,Judson Avenue between Nelson Street and Underwood Street,21.5,,,,no_named_place_match,,,manual_review_15_to_30m,retain_verified
3718.1,Minnekabob,approximate,South side of Dan Patch Ave. between Underwood & Cooper streets,-93.169281478,44.9810362809,street_segment,Dan Patch Avenue between Underwood Street and Cooper Street,9.0,,,,no_named_place_match,,,consistent_with_written_location,manual_evidence_required
2784.1,Minnesnowii Shave Ice,approximate,West side of Nelson St. between Dan Patch & Carnes avenues,-93.1720714669,44.9805103688,street_segment,Nelson Street between Dan Patch Avenue and Carnes Avenue,8.9,,,,no_named_place_match,,,consistent_with_written_location,manual_evidence_required
2838.1,Minnesota Apples,approximate,"In the Agriculture Horticulture Building, south side",-93.169707068199,44.979031908512,named_place_or_building,Agriculture Horticulture Building,0.0,,,,no_named_place_match,,,consistent_with_written_location,manual_evidence_required
2649.1,Minnesota Craft Brewers Guild,approximate,"In the Agriculture Horticulture Building, west side",-93.1703125,44.9793125,named_place_or_building,Agriculture Horticulture Building,0.0,,,Root Beer Hut,no_named_place_match,272.5,https://www.openstreetmap.org/way/177770069,consistent_with_written_location,manual_evidence_required
2878.1,Minnesota Farmers Union Coffee Shop,verified,North side of Dan Patch Ave. between Cooper & Cosgrove streets,-93.1685723,44.9814844,street_segment,Dan Patch Avenue between Cooper Street and Cosgrove Street,40.3,,,Farmers Union,strong_named_place,0.0,https://www.openstreetmap.org/way/177770111,manual_review_conflicting_constraints,retain_verified_with_landmark_exception_review
2886.1,Minnesota Honey Producers Association,approximate,"In the Agriculture Horticulture Building, north side",-93.169711173077,44.979655294964,named_place_or_building,Agriculture Horticulture Building,0.3,,,Minnesota Blue Flame Gas Association,no_named_place_match,219.2,https://www.openstreetmap.org/way/177770016,consistent_with_written_location,manual_evidence_required
4072.1,Minnesota Wine Country,verified,West side of Underwood St. between Carnes & Judson avenues,-93.1708926,44.9793878,street_segment,Underwood Street between Carnes Avenue and Judson Avenue,27.2,,,Minnesota Wine Country,exact_named_place,0.0,https://www.openstreetmap.org/way/177770056,manual_review_15_to_30m,retain_verified
11206.1,Minnesota's Original Apple Fries,approximate,North side of Dan Patch Ave. between Underwood & Cooper streets,-93.170514728205,44.98092835215,street_segment,Dan Patch Avenue between Underwood Street and Cooper Street,21.8,,,,no_named_place_match,,,manual_review_15_to_30m,manual_evidence_required
3645.1,The Mouth Trap Cheese Curds,approximate,In the Food Building,-93.1699704,44.9802432,named_place_or_building,Food Building,0.0,,,,no_named_place_match,,,consistent_with_written_location,manual_evidence_required
4057.1,Mr. E's Drink Time,approximate,"In the Food Building, south wall",-93.1699263786,44.9800825466,named_place_or_building,Food Building,0.0,,,,no_named_place_match,,,consistent_with_written_location,manual_evidence_required
5827.1,Nautical Bowls,approximate,"In the Food Building, center section, north wall",-93.170665495513,44.980883033379,named_place_or_building,Food Building,21.4,,,,no_named_place_match,,,manual_review_15_to_30m,manual_evidence_required
2941.1,Netterfield's Food Court,approximate,East side of Cooper St. between Wright & Dan Patch avenues,-93.1690456711,44.9811165,street_segment,Cooper Street between Wright Avenue and Dan Patch Avenue,9.0,,,,no_named_place_match,,,consistent_with_written_location,manual_evidence_required
2941.2,Netterfield's Popcorn Stand,approximate,West side of Cooper St. between Dan Patch & Judson avenues,-93.169301686538,44.980337769784,street_segment,Cooper Street between Dan Patch Avenue and Judson Avenue,20.7,,,Corn,no_named_place_match,572.9,https://www.openstreetmap.org/node/12148877487,manual_review_15_to_30m,manual_evidence_required
2953.1,Nitro Ice Cream,approximate,"In the Food Building, northeast corner",-93.169473768,44.9809285,named_place_or_building,Food Building,0.0,,,,no_named_place_match,,,consistent_with_written_location,manual_evidence_required
256.1,O'Gara's at the Fair,verified,Southwest corner of Dan Patch Ave. & Cosgrove St.,-93.1684059,44.9809198,street_corner,Dan Patch Avenue & Cosgrove Street,33.7,,,O'Gara's at the Fair,exact_named_place,0.0,https://www.openstreetmap.org/way/71279706,manual_review_conflicting_constraints,retain_verified_with_landmark_exception_review
2987.1,Ole and Lena's,approximate,West side of Liggett St. between Carnes & Judson avenues,-93.1755431862,44.9798674,street_segment,Liggett Street between Carnes Avenue and Judson Avenue,13.0,,,Police Substation East,no_named_place_match,565.6,https://www.openstreetmap.org/way/1312495000,consistent_with_written_location,manual_evidence_required
3759.2,Ollie's Crab Fritters,approximate,On the east side of Underwood St. between Murphy and Lee avenues,-93.1703405711,44.9858291,street_segment,Underwood Street between Murphy Avenue and Lee Avenue,9.0,,,,no_named_place_match,,,consistent_with_written_location,manual_evidence_required
2991.1,Oodles of Noodles,approximate,"In the Food Building, east wall",-93.1694991966,44.9805522534,named_place_or_building,Food Building,0.0,,,,no_named_place_match,,,consistent_with_written_location,manual_evidence_required
3008.1,Oven Fresh Brownies,approximate,Southwest corner of Dan Patch Ave. & Cooper St.,-93.1694537,44.9809635,street_corner,Dan Patch Avenue & Cooper Street,28.7,,,Fresh French Fries,no_named_place_match,270.1,https://www.openstreetmap.org/way/177770104,manual_review_15_to_30m,manual_evidence_required
6268.1,Paella Depot,approximate,South side of Judson Ave. between Clough & Nelson streets,-93.1731270859,44.9785097577,street_segment,Judson Avenue between Clough Street and Nelson Street,9.0,,,The Home Depot,no_named_place_match,942.8,https://www.openstreetmap.org/way/773836590,consistent_with_written_location,manual_evidence_required
3020.1,Panda Palace,approximate,"At the International Bazaar, northeast corner",-93.16852394,44.9783869,named_place_or_building,International Bazaar,9.5,,,,no_named_place_match,,,consistent_with_written_location,manual_evidence_required
3030.1,Patio Grill,approximate,East side of Nelson St. between Carnes & Judson avenues,-93.1719894077,44.97967113,street_segment,Nelson Street between Carnes Avenue and Judson Avenue,9.0,,,Andy's Grille,no_named_place_match,171.0,https://www.openstreetmap.org/node/12136098524,consistent_with_written_location,manual_evidence_required
8386.1,Peachey's Baking Company,approximate,"North side of Randall Avenue, east of Cosgrove Street, outside the Progress Center",-93.168254037179,44.985340925919,named_place_or_building,Eco Experience Progress Center,22.8,,,,no_named_place_match,,,manual_review_15_to_30m,manual_evidence_required
252.1,The Peg,verified,Outside southeast side of Agriculture Horticulture Building,-93.1693102,44.9790698,named_place_or_building,Agriculture Horticulture Building,0.0,,,,no_named_place_match,,,consistent_with_written_location,retain_verified
3089.2,The Perfect Pickle,approximate,West side of Underwood St. at Lee Ave.,-93.1705667744,44.9866035671,street_corridor,Underwood Street,9.0,,,,no_named_place_match,,,consistent_with_written_location,manual_evidence_required
3089.1,The Perfect Pickle,verified,Southwest corner of West Dan Patch Ave. & Liggett St.,-93.1755182,44.9806751,street_corner,West Dan Patch Avenue & Liggett Street,13.0,,,,no_named_place_match,,,consistent_with_written_location,retain_verified
246.1,Peters Hot Dogs,approximate,"In the Food Building, west wall",-93.170328132,44.9805211,named_place_or_building,Food Building,7.6,,,,no_named_place_match,,,consistent_with_written_location,manual_evidence_required
3052.1,Peters Hot Dogs,approximate,At Kidway,-93.1697719427,44.9825528,named_place_or_building,Kidway Lot,36.2,,,,no_named_place_match,,,reject_over_30m,keep_withheld_priority_review
8924.1,Peterson's Pork Chops,approximate,South side of Judson Ave. between Nelson & Underwood streets,-93.170533705769,44.97883622648,street_segment,Judson Avenue between Nelson Street and Underwood Street,29.9,,,,no_named_place_match,,,manual_review_15_to_30m,manual_evidence_required
5910.1,Pickle Barrel Sirloin Tips,approximate,Northeast corner of Judson Ave. & Nelson St.,-93.1720750141,44.978682332,street_corner,Judson Avenue & Nelson Street,11.7,,,,no_named_place_match,,,consistent_with_written_location,manual_evidence_required
3060.1,Pickle Dog,verified,South side of Carnes Ave. between Liggett & Chambers streets,-93.1750532,44.9797389,street_segment,Carnes Avenue between Liggett Street and Chambers Street,14.5,,,,no_named_place_match,,,consistent_with_written_location,retain_verified
3066.1,Pizza Wagon,approximate,"West side of Liggett St., just north of Mighty Midway",-93.175473233654,44.980380313561,named_place_or_building,Midway Lot,14.1,,,,no_named_place_match,,,consistent_with_written_location,manual_evidence_required
3077.1,Poncho Dogs,approximate,"South side of Carnes Ave. between Clough & Nelson streets, in front of the DNR Building",-93.1728234,44.979217828,street_segment,Carnes Avenue between Clough Street and Nelson Street,73.9,DNR Building,13.3,,no_named_place_match,,,manual_review_conflicting_constraints,manual_evidence_required
3079.2,Poncho Dogs,approximate,South side of Dan Patch Ave. between Cooper & Cosgrove streets,-93.1680419427,44.9810459612,street_segment,Dan Patch Avenue between Cooper Street and Cosgrove Street,9.8,,,,no_named_place_match,,,consistent_with_written_location,manual_evidence_required
3079.3,Poncho Dogs,approximate,Southwest corner of Judson Ave. & Clough St.,-93.1737105432,44.978499968,street_corner,Judson Avenue & Clough Street,14.1,,,,no_named_place_match,,,consistent_with_written_location,manual_evidence_required
3079.1,Poncho Dogs,approximate,South side of Judson Ave. between Nelson & Underwood streets,-93.1721767286,44.9784803078,street_segment,Judson Avenue between Nelson Street and Underwood Street,12.6,,,,no_named_place_match,,,consistent_with_written_location,manual_evidence_required
3095.1,Pretzel Dogs,approximate,West side of Liggett St. between Carnes & Judson avenues,-93.1754759408,44.9789258874,street_segment,Liggett Street between Carnes Avenue and Judson Avenue,9.0,,,,no_named_place_match,,,consistent_with_written_location,manual_evidence_required
3093.1,The Pretzel Factory,approximate,West side of Nelson St. between Carnes & Judson avenues,-93.1722657289,44.9785924,street_segment,Nelson Street between Carnes Avenue and Judson Avenue,9.0,,,,no_named_place_match,,,consistent_with_written_location,manual_evidence_required
3101.1,The Produce Exchange,verified,Northwest corner of Carnes Ave. & Underwood St.,-93.170757,44.9800641,street_corner,Carnes Avenue & Underwood Street,25.5,,,The Produce Exchange,exact_named_place,0.0,https://www.openstreetmap.org/way/177770032,manual_review_15_to_30m,retain_verified
3107.1,Pronto Pups,approximate,West side of Nelson St. between Dan Patch & Carnes avenues,-93.172337428846,44.980368791367,street_segment,Nelson Street between Dan Patch Avenue and Carnes Avenue,27.1,,,Pronto Pups,ambiguous_vendor_identity,104.8,https://www.openstreetmap.org/way/177770052,manual_review_15_to_30m,manual_evidence_required
3109.1,Pronto Pups,approximate,"East side of Underwood St. between Wright & Dan Patch avenues, outside Kidway",-93.169612024359,44.982657899418,street_segment,Underwood Street between Wright Avenue and Dan Patch Avenue,69.8,Kidway Lot,23.6,Pronto Pups,ambiguous_vendor_identity,238.8,https://www.openstreetmap.org/way/177770052,manual_review_conflicting_constraints,manual_evidence_required
3111.1,Pronto Pups,approximate,South side of Dan Patch Ave. between Underwood & Cooper streets,-93.1691601,44.9810355612,street_segment,Dan Patch Avenue between Underwood Street and Cooper Street,9.0,,,Pronto Pups,ambiguous_vendor_identity,129.5,https://www.openstreetmap.org/way/177770052,consistent_with_written_location,manual_evidence_required
3115.1,Pronto Pups,approximate,Southeast corner of Carnes Ave. & Liggett St.,-93.1752507568,44.979777468,street_corner,Carnes Avenue & Liggett Street,14.1,,,Pronto Pups,ambiguous_vendor_identity,343.0,https://www.openstreetmap.org/way/177770052,consistent_with_written_location,manual_evidence_required
1023.1,Pronto Pups,approximate,West side of Underwood St. between Dan Patch & Carnes avenues,-93.1706071716,44.9798917,street_segment,Underwood Street between Dan Patch Avenue and Carnes Avenue,5.0,,,Pronto Pups,ambiguous_vendor_identity,76.0,https://www.openstreetmap.org/way/177770052,consistent_with_written_location,manual_evidence_required
5028.1,Pronto Pups,approximate,East side of Cosgrove St. between Randall & Wright avenues,-93.1679486711,44.9832357,street_segment,Cosgrove Street between Randall Avenue and Wright Avenue,9.0,,,Pronto Pups,ambiguous_vendor_identity,360.0,https://www.openstreetmap.org/way/177770052,consistent_with_written_location,manual_evidence_required
5687.1,Pronto Pups,approximate,North side of Carnes Ave. between Chambers & Nelson streets,-93.1725219883,44.979964047,street_segment,Carnes Avenue between Chambers Street and Nelson Street,9.0,,,Pronto Pups,ambiguous_vendor_identity,135.0,https://www.openstreetmap.org/way/177770052,consistent_with_written_location,manual_evidence_required
7805.1,Pronto Pups,approximate,Northwest corner of Randall Ave. & Cooper St.,-93.1692343432,44.984462732,street_corner,Randall Avenue & Cooper Street,14.1,,,Pronto Pups,ambiguous_vendor_identity,438.9,https://www.openstreetmap.org/way/177770052,consistent_with_written_location,manual_evidence_required
1416.2,Pryes Brewing Pavilion,approximate,"At West End Market, south of Schilling Amphitheater",-93.17760135,44.98157855,named_place_or_building,Schilling Amphitheater,0.0,,,Horton Pavillions,no_named_place_match,486.5,https://www.openstreetmap.org/way/1211678502,consistent_with_written_location,manual_evidence_required
3127.1,Que Viet Concessions,verified,East side of Cooper St. outside the Merch Market,-93.1688966,44.9807643,named_place_or_building,Merchandise Mart,0.0,,,,no_named_place_match,,,consistent_with_written_location,retain_verified
4150.1,Quench’d: Lemonade/Bottled Water,approximate,South side of Dan Patch Ave. between Nelson & Underwood streets,-93.171254906238,44.981083733961,street_segment,Dan Patch Avenue between Nelson Street and Underwood Street,1.1,,,,no_named_place_match,,,consistent_with_written_location,manual_evidence_required
3759.1,Quesadilla Junction,approximate,On the east side of Underwood St. between Murphy and Lee avenues,-93.1703405711,44.9858291,street_segment,Underwood Street between Murphy Avenue and Lee Avenue,9.0,,,Italian Junction,no_named_place_match,542.0,https://www.openstreetmap.org/way/177770088,consistent_with_written_location,manual_evidence_required
2529.1,R&R Ice Cream,approximate,Southeast corner of Randall Ave. & Underwood St.,-93.170250894958,44.984328917877,street_corner,Randall Avenue & Underwood Street,19.1,,,,no_named_place_match,,,manual_review_15_to_30m,manual_evidence_required
3131.1,Ragin Cajun,approximate,"In The Garden, west wall",-93.1702885286,44.9809547534,named_place_or_building,Treasure Island | The Garden,4.0,,,,no_named_place_match,,,consistent_with_written_location,manual_evidence_required
1856.1,RC Cola,approximate,East side of Underwood St. outside Visitors Plaza,-93.16993026,44.9815531,named_place_or_building,Visitors Plaza,1.4,,,,no_named_place_match,,,consistent_with_written_location,manual_evidence_required
3217.1,RC's BBQ,verified,North side of West Dan Patch Ave. between Liggett & Chambers streets,-93.1748973,44.9811008,street_segment,West Dan Patch Avenue between Liggett Street and Chambers Street,39.0,,,RC's BBQ,exact_named_place,0.0,https://www.openstreetmap.org/way/177770031,manual_review_conflicting_constraints,retain_verified_with_landmark_exception_review
3173.1,Rice Kristie Bars,approximate,North side of Carnes Ave. between Nelson & Underwood streets,-93.1705436,44.9799726388,street_segment,Carnes Avenue between Nelson Street and Underwood Street,9.0,,,,no_named_place_match,,,consistent_with_written_location,manual_evidence_required
5275.1,Richie's Cheese Curd Tacos,approximate,West side of Chambers St. between West Dan Patch & Carnes avenues,-93.1745980289,44.9807764,street_segment,Chambers Street between West Dan Patch Avenue and Carnes Avenue,9.0,,,,no_named_place_match,,,consistent_with_written_location,manual_evidence_required
5754.1,Rick's Pizza,verified,West side of Cosgrove St. between Wright & Dan Patch avenues,-93.1682909,44.9814558,street_segment,Cosgrove Street between Wright Avenue and Dan Patch Avenue,15.9,,,,no_named_place_match,,,manual_review_15_to_30m,retain_verified
5754.2,Rick's Pizza,approximate,West side of Cooper St. between Murphy & Lee avenues,-93.1694244,44.9867388,street_segment,Cooper Street between Murphy Avenue and Lee Avenue,28.4,,,,no_named_place_match,,,manual_review_15_to_30m,manual_evidence_required
5754.3,Funnel Cakes & Elephant Ears,approximate,South side of Randall Ave. between Underwood & Cooper streets,-93.169593,44.9844182,street_segment,Randall Avenue between Underwood Street and Cooper Street,4.6,,,,no_named_place_match,,,consistent_with_written_location,manual_evidence_required
11056.1,Roon's Savories,approximate,West side of Liggett St. between Carnes & Judson avenues,-93.1754697289,44.978569,street_segment,Liggett Street between Carnes Avenue and Judson Avenue,9.0,,,,no_named_place_match,,,consistent_with_written_location,manual_evidence_required
3404.1,Root Beer Hut,verified,North side of Carnes Ave. between Chambers & Nelson streets,-93.1736472,44.9800207,street_segment,Carnes Avenue between Chambers Street and Nelson Street,16.0,,,Root Beer Hut,exact_named_place,0.0,https://www.openstreetmap.org/way/177770069,manual_review_15_to_30m,retain_verified
792.1,Rooted & Wild by Snack House,approximate,"In the Lee & Rose Warner Coliseum, south side",-93.173614572436,44.978486090997,named_place_or_building,Lee & Rose Warner Coliseum,9.4,,,,no_named_place_match,,,consistent_with_written_location,manual_evidence_required
3766.1,Route 66 Roadhouse Chicken,approximate,"In the Food Building, northwest corner",-93.170000584615,44.980345189873,named_place_or_building,Food Building,0.0,,,,no_named_place_match,,,consistent_with_written_location,manual_evidence_required
792.2,Sabino's Pizza Pies,approximate,"In the Lee & Rose Warner Coliseum, north side",-93.17443995,44.978454128,named_place_or_building,Lee & Rose Warner Coliseum,0.0,,,,no_named_place_match,,,consistent_with_written_location,manual_evidence_required
10369.1,Sadies Classics Frozen Custard,approximate,"West side of Underwood St., just north of Carnes Ave.",-93.1706603148,44.9796473997,street_corridor,Underwood Street,9.0,,,,no_named_place_match,,,consistent_with_written_location,manual_evidence_required
3231.1,Salem Lutheran Church Dining Hall,verified,"North side of Randall Ave., just south of the Progress Center",-93.1678234,44.9845954,named_place_or_building,Eco Experience Progress Center,17.0,,,Salem Lutheran Dining Hall - Swedish Egg Coffee,no_named_place_match,0.0,https://www.openstreetmap.org/way/239192031,manual_review_15_to_30m,retain_verified
3235.1,San Felipe Tacos,approximate,Southwest corner of Dan Patch Ave. & Underwood St.,-93.1706533432,44.981034668,street_corner,Dan Patch Avenue & Underwood Street,14.1,,,,no_named_place_match,,,consistent_with_written_location,manual_evidence_required
3239.1,The Sandwich Stop,verified,West side of Clough St. between Carnes & Judson avenues,-93.1733813,44.9789745,street_segment,Clough Street between Carnes Avenue and Judson Avenue,15.7,,,,no_named_place_match,,,manual_review_15_to_30m,retain_verified
1288.1,Sara's Tipsy Pies,approximate,"In the Food Building, northwest wall",-93.169951323077,44.980479582734,named_place_or_building,Food Building,0.0,,,,no_named_place_match,,,consistent_with_written_location,manual_evidence_required
9531.1,Saturday Dumpling Co.,approximate,"In the Food Building, east wall",-93.170135,44.9801902,named_place_or_building,Food Building,0.0,,,,no_named_place_match,,,consistent_with_written_location,manual_evidence_required
3247.1,Sausage by Cynthia,approximate,North side of Judson Ave. between Nelson & Underwood streets,-93.1719236,44.9786289,street_segment,Judson Avenue between Nelson Street and Underwood Street,4.4,,,,no_named_place_match,,,consistent_with_written_location,manual_evidence_required
3249.1,Sausage Express,approximate,North side of Dan Patch Ave. between Nelson & Underwood streets,-93.1705262,44.981169566,street_segment,Dan Patch Avenue between Nelson Street and Underwood Street,5.0,,,,no_named_place_match,,,consistent_with_written_location,manual_evidence_required
12916.1,Sausage Sister & Me,approximate,"In the Food Building, east wall",-93.169350244868,44.980420343544,named_place_or_building,Food Building,5.6,,,,no_named_place_match,,,consistent_with_written_location,manual_evidence_required
3769.1,Scotch Eggs,approximate,West side of Liggett St. between Carnes & Judson avenues,-93.175450142308,44.979513482014,street_segment,Liggett Street between Carnes Avenue and Judson Avenue,6.2,,,,no_named_place_match,,,consistent_with_written_location,manual_evidence_required
3276.1,Shanghai Henri's,verified,"At the International Bazaar, north section",-93.1693112,44.9784212,named_place_or_building,International Bazaar,0.0,,,Shanghai Market,no_named_place_match,325.3,https://www.openstreetmap.org/way/130819064,consistent_with_written_location,retain_verified
1573.1,Shrimp Shack,approximate,West side of Underwood St. between Carnes & Judson avenues,-93.1706654648,44.9788446533,street_segment,Underwood Street between Carnes Avenue and Judson Avenue,9.0,,,,no_named_place_match,,,consistent_with_written_location,manual_evidence_required
215.1,Simply Nuts & More,approximate,"In the Lee & Rose Warner Coliseum, east side",-93.1745529,44.9781951,named_place_or_building,Lee & Rose Warner Coliseum,0.0,,,,no_named_place_match,,,consistent_with_written_location,manual_evidence_required
2084.2,Smokey's Grill,approximate,South side of Murphy Ave. between Underwood & Cooper streets,-93.1695298,44.9870282,street_segment,Murphy Avenue between Underwood Street and Cooper Street,19.0,,,Smokey The Bear,no_named_place_match,865.6,https://www.openstreetmap.org/node/9498988656,manual_review_15_to_30m,manual_evidence_required
5581.1,Smoothies,approximate,East side of Underwood St. between Murphy & Lee avenues,-93.1701963,44.9868911,street_segment,Underwood Street between Murphy Avenue and Lee Avenue,20.1,,,,no_named_place_match,,,manual_review_15_to_30m,manual_evidence_required
5052.1,Solem's Cheese Curds,approximate,East side of Underwood St. between Murphy & Lee avenues,-93.1702056,44.9864309,street_segment,Underwood Street between Murphy Avenue and Lee Avenue,19.5,,,,no_named_place_match,,,manual_review_15_to_30m,manual_evidence_required
5052.3,Solem's French Fries,approximate,East side of Underwood St. between Murphy & Lee avenues,-93.1702056,44.9864309,street_segment,Underwood Street between Murphy Avenue and Lee Avenue,19.5,,,Fresh French Fries,no_named_place_match,783.5,https://www.openstreetmap.org/way/177770115,manual_review_15_to_30m,manual_evidence_required
5052.2,Solem's Mini Donuts,approximate,East side of Underwood St. between Murphy & Lee avenues,-93.1702056,44.9864309,street_segment,Underwood Street between Murphy Avenue and Lee Avenue,19.5,,,Tiny Tim Donuts,no_named_place_match,761.0,https://www.openstreetmap.org/way/177770079,manual_review_15_to_30m,manual_evidence_required
3332.1,Sonny's Fair Food,approximate,"In the Food Building, northwest section",-93.1701806536,44.9807324466,named_place_or_building,Food Building,0.0,,,,no_named_place_match,,,consistent_with_written_location,manual_evidence_required
5799.1,Soul Bowl,approximate,"In the Food Building, east wall",-93.1694991966,44.9804899466,named_place_or_building,Food Building,0.0,,,,no_named_place_match,,,consistent_with_written_location,manual_evidence_required
3340.1,Spaghetti Eddies,verified,East side of Cooper St. outside the Merch Market,-93.168897,44.9807323,named_place_or_building,Merchandise Mart,0.0,,,,no_named_place_match,,,consistent_with_written_location,retain_verified
8073.1,SPAM,approximate,"Located south of the Grandstand Building, under the Grandstand Ramp",-93.1734526573,44.9810026612,street_corridor,Grandstand Ramp,4.8,,,,no_named_place_match,,,consistent_with_written_location,manual_evidence_required
5175.1,Spinning Wylde,approximate,"Located north of Wright Ave. between Cooper & Cosgrove streets, at Family Fair at Baldwin Park",-93.1680631,44.9833166388,street_segment,Wright Avenue between Cooper Street and Cosgrove Street,9.0,Baldwin Park,13.6,,no_named_place_match,,,consistent_with_written_location,manual_evidence_required
257.1,Steichen's Grocery & Deli,approximate,"In the Commissary building, just north of the Sheep & Poultry Barn",-93.174651815259,44.978967488752,named_place_or_building,Sheep & Poultry Barn,0.0,,,Nelson Cheese & Deli,no_named_place_match,684.9,https://www.openstreetmap.org/way/130819068,consistent_with_written_location,manual_evidence_required
3386.1,Strawberries 'N Creme,verified,West side of Underwood St. at Wright Ave.,-93.170747,44.984002,street_corridor,Underwood Street,20.7,,,,no_named_place_match,,,manual_review_15_to_30m,retain_verified
9260.1,The Strawberry Patch,verified,West side of Liggett St. between Carnes & Judson avenues,-93.1756591,44.9792484,street_segment,Liggett Street between Carnes Avenue and Judson Avenue,23.0,,,,no_named_place_match,,,manual_review_15_to_30m,retain_verified
3394.1,Sugar Shack,approximate,At the Mighty Midway,-93.177235873077,44.980200388489,named_place_or_building,Midway Lot,6.1,,,Bayou Bob's Gator Shack,no_named_place_match,427.6,https://www.openstreetmap.org/way/177770131,consistent_with_written_location,manual_evidence_required
3398.1,Summer Lakes Boat House,approximate,Southwest corner of Randall Ave. & Underwood St.,-93.1706079432,44.984294368,street_corner,Randall Avenue & Underwood Street,14.1,,,,no_named_place_match,,,consistent_with_written_location,manual_evidence_required
3276.2,Summit On A Stick,approximate,"At the International Bazaar, north section",-93.1691058,44.9780534,named_place_or_building,International Bazaar,0.0,,,Math On-A-Stick,no_named_place_match,682.0,https://www.openstreetmap.org/node/9066981317,consistent_with_written_location,manual_evidence_required
3408.1,Super Dog,approximate,east side of Liggett Street between West Dan Patch and Carnes avenues,-93.1752634711,44.9798674,street_segment,Liggett Street between West Dan Patch Avenue and Carnes Avenue,9.0,,,Dairy Dog,no_named_place_match,383.1,https://www.openstreetmap.org/node/11227582236,consistent_with_written_location,manual_evidence_required
3412.1,Sweet & Sour USA,approximate,"In the Lee & Rose Warner Coliseum, south wall",-93.17443995,44.977844372,named_place_or_building,Lee & Rose Warner Coliseum,0.0,,,Sheep & Poultry Barn,no_named_place_match,99.8,https://www.openstreetmap.org/way/68169471,consistent_with_written_location,manual_evidence_required
2079.1,Sweet Martha's Cookie Jar,approximate,North side of West Dan Patch Ave. between Liggett & Chambers streets,-93.1744836,44.9808573388,street_segment,West Dan Patch Avenue between Liggett Street and Chambers Street,9.0,,,Sweet Martha's Cookie Jar,ambiguous_vendor_identity,255.6,https://www.openstreetmap.org/way/177770034,consistent_with_written_location,manual_evidence_required
3983.1,Sweet Martha's Cookie Jar,verified,South side of Carnes Ave. between Nelson & Underwood streets,-93.1715896,44.9797695,street_segment,Carnes Avenue between Nelson Street and Underwood Street,13.1,,,Sweet Martha's Cookie Jar,ambiguous_vendor_identity,0.0,https://www.openstreetmap.org/way/177770034,consistent_with_written_location,retain_verified
3981.1,Sweet Martha's Cookie Jar,approximate,West side of Underwood St. between Murphy & Lee avenues,-93.17056476,44.9871669109,street_segment,Underwood Street between Murphy Avenue and Lee Avenue,9.0,,,Sweet Martha's Cookie Jar,ambiguous_vendor_identity,824.4,https://www.openstreetmap.org/way/177770034,consistent_with_written_location,manual_evidence_required
1509.1,Sweets & Treats,approximate,North side of Dan Patch Ave. between Underwood & Cooper streets,-93.1701029568,44.9812030293,street_segment,Dan Patch Avenue between Underwood Street and Cooper Street,9.0,,,Sheep & Poultry Barn,no_named_place_match,364.3,https://www.openstreetmap.org/way/68169471,consistent_with_written_location,manual_evidence_required
1509.2,Sweets & Treats,approximate,At Kidway,-93.1700536,44.9827569,named_place_or_building,Kidway Lot,22.0,,,Sheep & Poultry Barn,no_named_place_match,491.6,https://www.openstreetmap.org/way/68169471,manual_review_15_to_30m,manual_evidence_required
792.4,Swine & Spuds,approximate,"In the Lee & Rose Warner Coliseum, northeast corner",-93.173821752,44.978454128,named_place_or_building,Lee & Rose Warner Coliseum,1.9,,,Swine Barn,no_named_place_match,281.1,https://www.openstreetmap.org/way/71279703,consistent_with_written_location,manual_evidence_required
8535.1,Tasti Whip,approximate,Located on the northwest corner of Dan Patch Ave. & Underwood St.,-93.1708134,44.981263985612,street_corner,Dan Patch Avenue & Underwood Street,27.4,,,,no_named_place_match,,,manual_review_15_to_30m,manual_evidence_required
5581.2,Taulelle's Jurassic Corn Dogs,approximate,East side of Underwood St. between Murphy & Lee avenues,-93.1701963,44.9868911,street_segment,Underwood Street between Murphy Avenue and Lee Avenue,20.1,,,Corn,possible_named_place,168.1,https://www.openstreetmap.org/node/12148877487,manual_review_15_to_30m,manual_evidence_required
3436.1,Tejas Express,approximate,"In The Garden, north wall",-93.1702885286,44.9808924466,named_place_or_building,Treasure Island | The Garden,4.0,,,,no_named_place_match,,,consistent_with_written_location,manual_evidence_required
6137.1,Three Sisters Concessions,approximate,"North side of Judson Ave., outside the Horse Barn",-93.177128282051,44.979453648713,named_place_or_building,Horse Barn,7.9,,,,no_named_place_match,,,consistent_with_written_location,manual_evidence_required
1948.1,Tino's Pizza on a Stick,approximate,South side of Carnes Ave. at Chambers St.,-93.1738617492,44.9797953185,street_corridor,Carnes Avenue,9.0,,,Math On-A-Stick,no_named_place_match,654.1,https://www.openstreetmap.org/node/9066981317,consistent_with_written_location,manual_evidence_required
3792.1,Tiny Tim Donuts,verified,North side of Carnes Ave. between Chambers & Clough streets,-93.1737502,44.9800518,street_segment,Carnes Avenue between Chambers Street and Clough Street,19.4,,,Tiny Tim Donuts,exact_named_place,0.0,https://www.openstreetmap.org/way/177770079,manual_review_15_to_30m,retain_verified
1511.2,Tom Thumb Donuts,approximate,"West side of Cooper St. between Wright & Dan Patch avenues, at Kidway",-93.1692733446,44.981189895,street_segment,Cooper Street between Wright Avenue and Dan Patch Avenue,9.0,Kidway Lot,87.5,Tiny Tim Donuts,no_named_place_match,372.3,https://www.openstreetmap.org/way/177770079,consistent_with_written_location,manual_evidence_required
1511.1,Tom Thumb Mini Donuts,approximate,Southwest corner of Carnes Ave. & Underwood St.,-93.170690246154,44.979724936709,street_corner,Carnes Avenue & Underwood Street,21.8,,,Tiny Tim Donuts,no_named_place_match,240.8,https://www.openstreetmap.org/way/177770079,manual_review_15_to_30m,manual_evidence_required
266.1,Tot Boss,approximate,"East side of Underwood St. between Wright & Dan Patch avenues, south of Kidway",-93.170129896154,44.981740759494,street_segment,Underwood Street between Wright Avenue and Dan Patch Avenue,30.3,Kidway Lot,26.4,,no_named_place_match,,,manual_review_conflicting_constraints,manual_evidence_required
2924.1,Turkey to Go,verified,East side of Clough St. between Carnes & Judson avenues,-93.1733812,44.9789745,street_segment,Clough Street between Carnes Avenue and Judson Avenue,15.7,,,Turkey To Go,exact_named_place,0.0,https://www.openstreetmap.org/way/177770093,manual_review_15_to_30m,retain_verified
9613.1,Two Rivers Kettle Korn,approximate,"At West End Market, southeast section",-93.175035267308,44.979868402748,unparsed,,,,,,no_named_place_match,,,unparsed,manual_evidence_required
5659.1,Union Hmong Kitchen,approximate,"At the International Bazaar, south wall, west corner",-93.169329396154,44.978077625899,named_place_or_building,International Bazaar,0.9,,,Union Hmong Kitchen,exact_named_place,12.6,https://www.openstreetmap.org/node/12133029209,consistent_with_written_location,manual_evidence_required
11221.1,Urban Glow Mocktails,approximate,"At the North End, northeast section, across from the North End Event Center",-93.168815805769,44.987328504634,named_place_or_building,North End Event Center,2.8,,,,no_named_place_match,,,consistent_with_written_location,manual_evidence_required
5609.1,Waffle Chix,approximate,On Judson Ave. between Liggett & Clough streets,-93.1736101411,44.9785895846,street_segment,Judson Avenue between Liggett Street and Clough Street,0.0,,,Minnesota AFL-CIO,no_named_place_match,438.7,https://www.openstreetmap.org/way/177770023,consistent_with_written_location,manual_evidence_required
3549.1,Waffle Cones,approximate,At Kidway,-93.1698736573,44.9825528,named_place_or_building,Kidway Lot,36.2,,,Minnesota AFL-CIO,no_named_place_match,100.1,https://www.openstreetmap.org/way/177770023,reject_over_30m,keep_withheld_priority_review
3553.1,Walleye On a Stick,approximate,"In the Food Building, southeast center section",-93.169646675,44.9802786,named_place_or_building,Food Building,0.0,,,Math On-A-Stick,no_named_place_match,444.6,https://www.openstreetmap.org/node/9066981317,consistent_with_written_location,manual_evidence_required
3567.1,West End Creamery,approximate,"At West End Market, northwest section",-93.177867692667,44.982321192342,unparsed,,,,,,no_named_place_match,,,unparsed,manual_evidence_required
1286.1,West Indies Soul Food,approximate,"At the International Bazaar, south wall",-93.1689842786,44.9780211534,named_place_or_building,International Bazaar,2.2,,,,no_named_place_match,,,consistent_with_written_location,manual_evidence_required
4872.1,Westmoreland Concessions,approximate,At Mighty Midway,-93.1781560073,44.9799615,named_place_or_building,Midway Lot,31.8,,,,no_named_place_match,,,reject_over_30m,keep_withheld_priority_review
10572.1,Wild Rice Specialties,approximate,"In the Food Building, northeast section",-93.170024120435,44.981123259354,named_place_or_building,Food Building,15.1,,,,no_named_place_match,,,manual_review_15_to_30m,manual_evidence_required
6202.1,Wow Fudge,approximate,"In the Merch Market, center aisle",-93.1687726,44.980762,named_place_or_building,Merchandise Mart,0.0,,,,no_named_place_match,,,consistent_with_written_location,manual_evidence_required
