id,name,coordinate_status,booth_location,candidate_longitude,candidate_latitude,match_class,vendor_same_name_count,osm_name_match_count,osm_type,osm_id,osm_name,osm_address,osm_longitude,osm_latitude,name_score,candidate_to_osm_m,osm_url,few_feet_field_check
12742.1,1919 Root Beer,verified,Southeast corner of Dan Patch Ave. & Underwood St. outside The Garden,-93.1703352,44.9809803,exact_named_place,1,1,node,7223510632,1919 Root Beer,1676 Dan Patch Avenue,-93.170353,44.9809666,1.0,2.1,https://www.openstreetmap.org/node/7223510632,recommended
2114.1,3B Fresh Squeezed Lemonade & Foot Long Corn Dogs,withheld,West side of Liggett St. between Carnes & Judson avenues,-93.174149666026,44.978771392184,no_named_place_match,1,0,node,12148877487,Corn,,-93.1706031,44.9854069,0.92,788.8,https://www.openstreetmap.org/node/12148877487,required
6135.1,About a Foot Long Hot Dog,missing,Southwest corner of Carnes Ave. & Nelson St.,,,ambiguous_vendor_identity,5,1,node,13084655197,About a Foot Long Hot Dog,Dan Patch Avenue,-93.1694422,44.9810594,1.0,,https://www.openstreetmap.org/node/13084655197,required
6449.1,About a Foot Long Hot Dog,withheld,"South side of Judson Ave. between Liggett & Clough streets, in front of the Lee & Rose Warner Coliseum",-93.1738553,44.978449884892,ambiguous_vendor_identity,5,1,node,13084655197,About a Foot Long Hot Dog,Dan Patch Avenue,-93.1694422,44.9810594,1.0,452.4,https://www.openstreetmap.org/node/13084655197,required
9642.1,About a Foot Long Hot Dog,withheld,East side of Cosgrove St. between the Fine Arts Center & 4-H Building,-93.168036,44.9839827,ambiguous_vendor_identity,5,1,node,13084655197,About a Foot Long Hot Dog,Dan Patch Avenue,-93.1694422,44.9810594,1.0,343.4,https://www.openstreetmap.org/node/13084655197,required
9642.2,About a Foot Long Hot Dog,withheld,Northwest corner of Dan Patch Ave. & Cooper St.,-93.1693751,44.9814141,ambiguous_vendor_identity,5,1,node,13084655197,About a Foot Long Hot Dog,Dan Patch Avenue,-93.1694422,44.9810594,1.0,39.8,https://www.openstreetmap.org/node/13084655197,required
6449.2,About a Foot Long Hot Dog,withheld,Southeast corner of Judson Ave. & Underwood St.,-93.168867953526,44.977873963109,ambiguous_vendor_identity,5,1,node,13084655197,About a Foot Long Hot Dog,Dan Patch Avenue,-93.1694422,44.9810594,1.0,357.1,https://www.openstreetmap.org/node/13084655197,required
7388.1,Afro Deli & Grill,verified,"In the Food Building, east wall",-93.16944,44.9803502,no_named_place_match,1,0,node,12136098524,Andy's Grille,,-93.1741605,44.9797511,0.5806,377.2,https://www.openstreetmap.org/node/12136098524,required
210.1,Al's Subs & Malt Shop,verified,"East side of Nelson St. between Dan Patch & Carnes avenues, next to the Giant Slide",-93.1718193,44.9803951,strong_named_place,1,0,way,177770027,Al's Subs,1306 Nelson Street,-93.1718348,44.9803974,0.92,1.2,https://www.openstreetmap.org/way/177770027,recommended
792.3,Aldo's Burgers,withheld,"In the Lee & Rose Warner Coliseum, west side",-93.174896844329,44.978295168621,no_named_place_match,1,0,way,177770027,Al's Subs,1306 Nelson Street,-93.1718348,44.9803974,0.5714,335.6,https://www.openstreetmap.org/way/177770027,required
2770.1,All You Can Drink Milk,verified,Northeast corner of Judson Ave. & Clough St.,-93.1733688,44.9786946,exact_named_place,1,1,way,177770097,All You Can Drink Milk,1759 Judson Avenue,-93.1734121,44.9787359,1.0,5.7,https://www.openstreetmap.org/way/177770097,recommended
1328.1,The Anchor Coffee House,withheld,West side of Underwood St. between Dan Patch & Carnes avenues,-93.169719014103,44.979551072007,no_named_place_match,1,0,way,159605549,Haunted House,Judson Avenue,-93.170298,44.9782711,0.5625,149.4,https://www.openstreetmap.org/way/159605549,required
1872.1,Andy's Grille,verified,South side of Carnes Ave. between Chambers & Nelson streets,-93.1743171,44.979745,exact_named_place,1,1,node,12136098524,Andy's Grille,,-93.1741605,44.9797511,1.0,12.3,https://www.openstreetmap.org/node/12136098524,recommended
5937.1,Attavio's Fries,withheld,"West side of Cooper St. between Dan Patch and Judson avenues, outside the Food Building",-93.17051655641,44.979407802061,no_named_place_match,1,0,,,,,,,,,,required
5177.1,Auntie M's Gluten Free,withheld,"South side of Judson Ave. between Nelson & Underwood streets, just west of Adventure Park",-93.173444394872,44.977904475598,no_named_place_match,1,0,way,18221899,Canfield Street,,-93.1795587,44.9787995,0.5556,491.1,https://www.openstreetmap.org/way/18221899,required
1899.1,Australian Battered Potatoes,withheld,South side of Judson Ave. between Nelson & Underwood streets,-93.172825984828,44.977903913226,no_named_place_match,1,0,,,,,,,,,,required
5146.1,BABA'S,verified,East side of Underwood St. between Murphy & Lee avenues,-93.1708125,44.9846875,no_named_place_match,1,0,,,,,,,,,,recommended
616.1,Ball Park Cafe,verified,East side of Underwood St. between Dan Patch & Carnes avenues,-93.1700734,44.9803924,exact_named_place,1,1,node,7223510630,Ball Park Cafe,1312 Underwood Street,-93.1703006,44.9805117,1.0,22.3,https://www.openstreetmap.org/node/7223510630,recommended
6041.1,Bandstand Concessions,withheld,Inside the Grandstand Concert Venue,-93.171914135256,44.982716512152,no_named_place_match,1,0,,,,,,,,,,required
1932.1,Bayou Bob's Gator Shack,verified,Southeast corner of Dan Patch Ave. & Nelson St.,-93.171734,44.9807911,exact_named_place,1,1,way,177770131,Bayou Bob's Gator Shack,1726 Dan Patch Avenue,-93.1717412,44.9808127,1.0,2.5,https://www.openstreetmap.org/way/177770131,recommended
11830.1,Beans & Beignets,withheld,Northwest corner of Judson Ave. & Clough St.,-93.173685963462,44.978813280576,no_named_place_match,1,0,way,773873153,Grandstand Seating,,-93.173204,44.9814834,0.5556,299.3,https://www.openstreetmap.org/way/773873153,required
1509.4,The Big Cheese Cheese Curds,withheld,"West side of Liggett St. at Carnes Ave., just south of Mighty Midway",-93.176812700641,44.979124115497,no_named_place_match,1,0,,,,,,,,,,required
1783.1,Big Dog Corndogs,withheld,Northeast corner of Randall Ave. & Underwood St.,-93.169663734271,44.98368117601,ambiguous_vendor_identity,2,0,node,12148877487,Corn,,-93.1706031,44.9854069,0.92,205.6,https://www.openstreetmap.org/node/12148877487,required
1783.2,Big Dog Corndogs,withheld,West side of Underwood St. between Carnes & Judson avenues,-93.169851372185,44.979507210913,ambiguous_vendor_identity,2,0,node,12148877487,Corn,,-93.1706031,44.9854069,0.92,658.7,https://www.openstreetmap.org/node/12148877487,required
1952.1,Big Fat Bacon,verified,South side of Dan Patch Ave. between Nelson & Underwood streets,-93.1708786,44.9809673,exact_named_place,1,1,way,177770099,Big Fat Bacon,1694 Dan Patch Avenue,-93.1709079,44.9809765,1.0,2.5,https://www.openstreetmap.org/way/177770099,recommended
1968.1,The Blue Barn,verified,"At West End Market, south of History & Heritage Center",-93.1760875,44.9811063,exact_named_place,1,1,way,177770151,Blue Barn,1839 Dan Patch Avenue,-93.176078,44.9811118,1.0,1.0,https://www.openstreetmap.org/way/177770151,recommended
212.1,Blue Moon Dine-In Theater,verified,Northeast corner of Carnes Ave. & Chambers St.,-93.1740994,44.9800146,strong_named_place,1,0,way,177770126,Blue Moon,1777 Carnes Avenue,-93.1741339,44.9800896,0.92,8.8,https://www.openstreetmap.org/way/177770126,recommended
1974.1,The Blue Ox Burger Bar,withheld,Southeast corner of Judson Ave. & Clough St.,-93.172088763462,44.978105607253,no_named_place_match,1,0,way,177770151,Blue Barn,1839 Dan Patch Avenue,-93.176078,44.9811118,0.5926,458.5,https://www.openstreetmap.org/way/177770151,required
1509.3,Bratwurst,withheld,Northwest corner of Carnes Ave. & Nelson St.,-93.1722972,44.9800237,no_named_place_match,1,0,,,,,,,,,,required
5733.5,Bridge N' Barrel Root Beer,withheld,Northwest corner of Randall & Underwood streets,-93.171398589771,44.983942720834,no_named_place_match,6,0,,,,,,,,,,required
5733.3,Bridge N' Barrel Root Beer,withheld,Northwest corner of Wright Ave. & Cooper St.,-93.168141730769,44.982909562123,no_named_place_match,6,0,,,,,,,,,,required
5733.2,Bridge N' Barrel Root Beer,withheld,Northwest corner of Carnes Ave. & Underwood St.,-93.1706802,44.9799609,no_named_place_match,6,0,,,,,,,,,,required
5733.4,Bridge N' Barrel Root Beer,withheld,Northwest corner of Judson Ave. & Underwood St.,-93.169963108974,44.978246295807,no_named_place_match,6,0,,,,,,,,,,required
5733.6,Bridge N' Barrel Root Beer,withheld,Northeast corner of Dan Patch Ave & Cosgrove St.,-93.169590286555,44.982020565743,no_named_place_match,6,0,,,,,,,,,,required
5733.1,Bridge N' Barrel Root Beer,withheld,North side of Dan Patch Ave. between Nelson & Underwood streets,-93.171136,44.9814214,no_named_place_match,6,0,,,,,,,,,,required
1996.1,Bridgeman's Ice Cream,withheld,Northeast corner of Judson Ave. & Liggett St.,-93.174268923397,44.977853141634,no_named_place_match,1,0,,,,,,,,,,required
2005.1,Buni's,withheld,Northwest corner of Judson Ave. & Liggett St.,-93.176384548397,44.978368700251,no_named_place_match,1,0,,,,,,,,,,required
227.1,Butcher Boys,withheld,North side of Dan Patch Ave. between Nelson & Underwood streets,-93.170865162821,44.980902605354,no_named_place_match,2,0,way,164878245,Butterfly House,1697A Dan Patch Avenue,-93.1708089,44.9815562,0.5926,72.8,https://www.openstreetmap.org/way/164878245,required
10014.1,Butcher Boys,withheld,West side of Liggett St. between Carnes & West Dan Patch avenues,-93.175614425979,44.980217873197,no_named_place_match,2,0,way,164878245,Butterfly House,1697A Dan Patch Avenue,-93.1708089,44.9815562,0.5926,406.2,https://www.openstreetmap.org/way/164878245,required
2021.1,Cafe Caribe,verified,South side of Carnes Ave. between Chambers & Clough streets,-93.1738652,44.9797356,exact_named_place,1,1,node,12136098523,Cafe Caribe,,-93.173775,44.9796488,1.0,12.0,https://www.openstreetmap.org/node/12136098523,recommended
2029.1,Candy Factory,withheld,Northeast corner of Murphy Ave. & Cooper St.,-93.170306136538,44.987831515847,no_named_place_match,1,0,,,,,,,,,,required
2031.1,Caramel Apple Sundae,withheld,"Between Chambers & Nelson streets, just south of the Grandstand",-93.172400400641,44.980110476679,no_named_place_match,1,0,,,,,,,,,,required
1887.1,"Caramel Apples, Cotton Candy, Sno Kones",withheld,South side of Randall Ave. between Underwood & Cooper streets,-93.170136053846,44.984202172662,no_named_place_match,1,0,,,,,,,,,,required
2037.1,Caribbean Smoothees,withheld,West side of Liggett St. between Carnes & Judson avenues,-93.176388092182,44.980162381258,no_named_place_match,1,0,,,,,,,,,,required
12335.1,Carl's Gizmo,verified,South side of Dan Patch Ave. between Underwood & Cooper streets,-93.1692506,44.9813316,no_named_place_match,1,0,,,,,,,,,,recommended
7099.1,Carousel BBQ,verified,West side of Chambers St. between West Dan Patch & Carnes avenues,-93.1749722,44.9806423,possible_named_place,1,0,way,164878246,Carousel,,-93.1728447,44.9807288,0.92,167.6,https://www.openstreetmap.org/way/164878246,recommended
2065.1,Chan's Chicken On A Stick,withheld,South side of Judson Ave. between Nelson & Underwood streets,-93.172807362179,44.979175037267,no_named_place_match,1,0,node,9066981317,Math On-A-Stick,,-93.168286,44.9841595,0.6154,658.5,https://www.openstreetmap.org/node/9066981317,required
9238.1,Chan's Eatery,withheld,East side of Underwood St. between Murphy & Lee avenues,-93.16901814359,44.986844015281,no_named_place_match,1,0,way,164878256,The Hangar,,-93.1700361,44.9874313,0.5556,103.3,https://www.openstreetmap.org/way/164878256,required
2067.1,Charcoal Hut,verified,"East side of Judson Ave. between Underwood & Cooper streets, next to the International Bazaar",-93.1690625,44.9785625,exact_named_place,1,1,way,177770064,Charcoal Hut,,-93.1690245,44.9785559,1.0,3.1,https://www.openstreetmap.org/way/177770064,recommended
2075.1,Chicago Dogs,withheld,"In The Garden, east wall",-93.168612794231,44.981597695379,no_named_place_match,1,0,,,,,,,,,,required
11505.1,Chocolate Strawberry Cup,missing,Southwest corner of Dan Patch Ave. & Cooper St.,,,no_named_place_match,1,0,,,,,,,,,,required
2084.1,CinnieSmiths,verified,South side of Murphy Ave. between Underwood & Cooper streets,-93.1693875,44.9871474,no_named_place_match,1,0,way,773881582,Kiwanis Malts,1434 Cosgrove Street,-93.1677809,44.9838554,0.56,387.2,https://www.openstreetmap.org/way/773881582,recommended
216.1,Coasters,verified,Southeast corner of Carnes Ave. & Liggett St.,-93.1750531,44.9797389,no_named_place_match,1,0,way,177770081,State Fair Corn Roast,Dan Patch Avenue,-93.1716035,44.9808409,0.5556,297.7,https://www.openstreetmap.org/way/177770081,recommended
2112.1,Corn Roast,verified,Southeast corner of Dan Patch Ave. & Nelson St.,-93.1716163,44.9808717,exact_named_place,1,1,way,177770081,State Fair Corn Roast,Dan Patch Avenue,-93.1716035,44.9808409,1.0,3.6,https://www.openstreetmap.org/way/177770081,recommended
3505.1,Cotton Candy 7 Different Flavors,withheld,Southeast corner of Dan Patch Ave. & Underwood St.,-93.169209994231,44.98036970186,no_named_place_match,1,0,,,,,,,,,,required
2142.1,Cream Puffs,verified,Southwest corner of West Dan Patch Ave. & Liggett St.,-93.1760149,44.9805332,no_named_place_match,1,0,,,,,,,,,,recommended
2069.2,Crutchees Cheese on a Stick,withheld,southeast corner of West Dan Patch Ave. & Liggett St.,-93.175980161316,44.981387688534,no_named_place_match,2,0,node,9066981317,Math On-A-Stick,,-93.168286,44.9841595,0.619,679.1,https://www.openstreetmap.org/node/9066981317,required
2069.1,Crutchees Cheese on a Stick,missing,Northeast corner of Judson Ave. & Nelson St.,,,no_named_place_match,2,0,node,9066981317,Math On-A-Stick,,-93.168286,44.9841595,0.619,,https://www.openstreetmap.org/node/9066981317,required
244.1,The Dairy Bar,withheld,"In the Food Building, south wall",-93.1699973,44.9801218,no_named_place_match,1,0,node,11227582236,Dairy Dog,,-93.1707902,44.978503,0.6667,190.5,https://www.openstreetmap.org/node/11227582236,required
2770.2,Dairy Goodness,withheld,"In the Dairy Building, south wall",-93.17219856859,44.978501593112,no_named_place_match,1,0,node,11227582236,Dairy Dog,,-93.1707902,44.978503,0.6087,110.8,https://www.openstreetmap.org/node/11227582236,required
3745.1,Danielson's & Daughters Onion Rings,missing,"Between Underwood & Cooper streets, outside south side of the Food Building",,,no_named_place_match,1,0,,,,,,,,,,required
2182.1,Daryl's Dog House,withheld,South side of Carnes Ave. between Nelson & Underwood streets,-93.171560717949,44.980462900382,no_named_place_match,1,0,node,11227582236,Dairy Dog,,-93.1707902,44.978503,0.64,226.2,https://www.openstreetmap.org/node/11227582236,required
3340.2,Deep Fried Batter Dipped Twinkies & Buckeyes,missing,East side of Cooper St. outside the Merch Market,,,no_named_place_match,1,0,,,,,,,,,,required
2192.1,Deep Fried Candy Bars,withheld,North side of Carnes Ave. between Nelson & Underwood streets,-93.172484179487,44.980938483764,no_named_place_match,1,0,way,68169471,Sheep & Poultry Barn,1785 Judson Avenue,-93.1744762,44.9789722,0.5581,269.0,https://www.openstreetmap.org/way/68169471,required
2198.1,Demetri's Fine Greek Foods,withheld,East side of Nelson St. between Dan Patch & Carnes avenues,-93.173247925962,44.981598484538,no_named_place_match,1,0,,,,,,,,,,required
1457.1,Dino's Gyros,verified,North side of Carnes Ave. between Nelson & Underwood streets,-93.1710869,44.980113,exact_named_place,1,1,way,1030511112,Dino's Gyro's,,-93.1709736,44.9801145,1.0,8.9,https://www.openstreetmap.org/way/1030511112,recommended
2208.1,Dippin' Dots,withheld,South side of Carnes Ave. between Nelson & Underwood streets,-93.170275034615,44.980444590965,no_named_place_match,1,0,,,,,,,,,,required
12663.1,dodopop,verified,Northeast corner of Dan Patch Ave. & Cooper St.,-93.1689113,44.981417,no_named_place_match,1,0,,,,,,,,,,recommended
225.1,Donna's Bar-B-Q,verified,Southwest corner of Judson Ave. & Liggett St.,-93.1755381,44.9784136,no_named_place_match,1,0,,,,,,,,,,recommended
3448.1,The Donut Family,withheld,At Mighty Midway,-93.177945042308,44.980583198522,no_named_place_match,1,0,,,,,,,,,,required
265.1,Duke's Poutine,withheld,North side of Judson Ave. between Clough & Nelson streets,-93.173338053846,44.978715784173,no_named_place_match,1,0,,,,,,,,,,required
10312.2,El Burrito Mercado,withheld,"At the International Bazaar, south wall",-93.170365644872,44.978780620001,no_named_place_match,1,0,,,,,,,,,,required
226.1,El Sol Mexican Foods,withheld,"East side of Underwood St. between Dan Patch & Carnes avenues, outside southwest corner of the Food Building",-93.170978671795,44.981205840041,no_named_place_match,1,0,,,,,,,,,,required
3280.1,Elm's Shaved Ice,missing,Southwest corner of Judson Ave. & Liggett St.,,,no_named_place_match,1,0,,,,,,,,,,required
2279.1,Falafel King,withheld,"In the Food Building, south wall",-93.168558812196,44.979665484248,no_named_place_match,1,0,,,,,,,,,,required
2305.1,Fish & Chips Seafood Shoppe,withheld,"In the Food Building, northwest section",-93.169042549749,44.979517023891,no_named_place_match,1,0,,,,,,,,,,required
228.1,Flowering Onions,withheld,South side of Judson Ave. between Nelson & Underwood streets,-93.171675476923,44.978488860759,no_named_place_match,1,0,way,177770111,Farmers Union,1635 Dan Patch Avenue,-93.1686256,44.9814619,0.5517,408.5,https://www.openstreetmap.org/way/177770111,required
4752.1,Fluffy's Hand Cut Donuts,verified,On the northwest corner of Carnes Ave. & Chambers St.,-93.1747099,44.9800099,no_named_place_match,1,0,,,,,,,,,,recommended
2332.1,French Crêperie,withheld,North side of Carnes Ave. between Nelson & Underwood streets,-93.172062521795,44.979134014141,no_named_place_match,1,0,way,177770021,Mancini's / French Crepes,,-93.1717389,44.9800992,0.6486,110.3,https://www.openstreetmap.org/way/177770021,required
2336.1,French Meadow Bakery & Cafe,verified,North side of Carnes Ave. between Nelson & Underwood streets,-93.1712263,44.9801274,exact_named_place,1,1,way,177770139,French Meadow Bakery & Cafe,,-93.1711218,44.9801346,1.0,8.3,https://www.openstreetmap.org/way/177770139,recommended
2340.1,Fresh French Fries,missing,At Mighty Midway,,,ambiguous_vendor_identity,2,2,way,177770104,Fresh French Fries,1701 Judson Avenue,-93.1712103,44.9787867,1.0,,https://www.openstreetmap.org/way/177770104,required
2340.2,Fresh French Fries,withheld,North side of Judson Ave. between Nelson & Underwood streets,-93.1721257136,44.978316157072,ambiguous_vendor_identity,2,2,way,177770104,Fresh French Fries,1701 Judson Avenue,-93.1712103,44.9787867,1.0,89.0,https://www.openstreetmap.org/way/177770104,required
2387.1,Fresh Lemonade - Cheese on a Stick,withheld,West side of Nelson St. between Dan Patch & Carnes avenues,-93.171036968339,44.981654793306,no_named_place_match,1,0,way,130819068,Nelson Cheese & Deli,1562 Como Avenue,-93.1662747,44.977086,0.5556,631.2,https://www.openstreetmap.org/way/130819068,required
217.1,Fresh Made Nut Rolls,withheld,Northeast corner of Dan Patch Ave. & Underwood St.,-93.170194551923,44.98128171223,no_named_place_match,1,0,,,,,,,,,,required
244.2,"Fresh Squeezed Lemonade, Fruit Smoothies, Fresh Squeezed Orange Treet & Strawberry Treet",withheld,"Outside the Food Building, southwest side",-93.1700195,44.9799882,no_named_place_match,1,0,,,,,,,,,,required
2342.1,Fried Olives On A Stick,withheld,West of Nelson St. just south of the Grandstand,-93.172095979487,44.979873904664,no_named_place_match,1,0,node,9066981317,Math On-A-Stick,,-93.168286,44.9841595,0.5789,562.9,https://www.openstreetmap.org/node/9066981317,required
2348.1,The Frontier,verified,South side of Carnes Ave. between Liggett & Chambers streets,-93.1747221,44.9797269,no_named_place_match,1,0,node,2025023787,Minnesota State Fair Fire Tower,,-93.1733293,44.9796249,0.5556,110.1,https://www.openstreetmap.org/node/2025023787,recommended
2359.1,Funnel Cakes,withheld,"In the Food Building, east wall",-93.168488389744,44.979733291983,no_named_place_match,3,0,,,,,,,,,,required
2247.1,Funnel Cakes,withheld,North side of Dan Patch Ave. between Nelson & Underwood streets,-93.170131707943,44.982191270589,no_named_place_match,3,0,,,,,,,,,,required
2029.2,Funnel Cakes,withheld,"South side of Judson Ave. between Nelson & Underwood streets, at Adventure Park",-93.170823261538,44.979241160023,no_named_place_match,3,0,,,,,,,,,,required
2196.1,Galaxy of Drinks,withheld,"West side of Liggett St., just south of Mighty Midway",-93.174524839665,44.978939895317,no_named_place_match,1,0,,,,,,,,,,required
2375.1,Gass Station Grill,withheld,"West side of Cooper St. between Dan Patch & Judson avenues, outside southeast corner of the Food Building",-93.169415603846,44.980195956835,no_named_place_match,1,0,,,,,,,,,,required
3255.1,German Root Beer and Popcorn,withheld,East of Chambers St. just south of the Grandstand,-93.173291870833,44.980101155612,no_named_place_match,1,0,node,12148877487,Corn,,-93.1706031,44.9854069,0.92,626.7,https://www.openstreetmap.org/node/12148877487,required
10093.1,Giggles' Campfire Grill,verified,Southeast corner of Lee Ave. & Cooper St. at The North Woods,-93.1688586,44.9856224,strong_named_place,1,0,relation,20750347,Giggles' Campfire Grille,1520 Cooper Street,-93.1687156,44.985621,0.9778,11.2,https://www.openstreetmap.org/relation/20750347,recommended
2527.1,Goertzes Dairy Kone,withheld,"East side of Cooper St., next to the Merch Market",-93.168420029808,44.979751637691,no_named_place_match,1,0,,,,,,,,,,required
10990.1,Gopher Dairy Bar,withheld,South side of Judson Ave. between Stevens & Liggett streets,-93.175169678205,44.977633622529,no_named_place_match,1,0,way,177770037,MN GOP,1702 Carnes Avenue,-93.1712213,44.9797073,0.92,386.8,https://www.openstreetmap.org/way/177770037,required
2415.1,Grandstand Mini Donuts,withheld,"East of Chambers St., just south of the Grandstand",-93.173735225,44.980887294964,no_named_place_match,1,0,way,74544906,Grandstand Ramp,,-93.1733486,44.9806271,0.6486,42.0,https://www.openstreetmap.org/way/74544906,required
11704.1,Granny's Apples + Lemonade,withheld,"In the Food Building, west wall",-93.171167395513,44.979968400415,no_named_place_match,1,0,,,,,,,,,,required
2417.1,Granny's Cheesecake & More,withheld,North side of Dan Patch Ave. between Nelson & Underwood streets,-93.169810417308,44.980736302936,no_named_place_match,1,0,way,130819068,Nelson Cheese & Deli,1562 Como Avenue,-93.1662747,44.977086,0.6122,492.0,https://www.openstreetmap.org/way/130819068,required
10347.1,Greater Tater,verified,"West side of Liggett St. between Carnes & Judson avenues, outside the Horse Barn",-93.1756477,44.9792492,no_named_place_match,1,0,,,,,,,,,,recommended
2437.1,Green Mill,verified,"East side of Cooper St. between Randall & Wright avenues, at Family Fair at Baldwin Park",-93.1688826,44.9841057,no_named_place_match,1,0,way,164878263,Ye Old Mill,1694 Carnes Avenue,-93.170956,44.9797015,0.5714,516.2,https://www.openstreetmap.org/way/164878263,recommended
2447.1,Gyros by G&G Concessions,withheld,Northeast corner of Lee Ave. & Underwood St.,-93.16934945641,44.986705875559,no_named_place_match,1,0,,,,,,,,,,required
3684.1,Hamline Church Dining Hall,verified,North side of Dan Patch Ave. between Underwood & Cooper streets,-93.1698412,44.9814379,exact_named_place,1,1,way,177770015,Hamline Church Dining Hall,1667 Dan Patch Avenue,-93.1698476,44.9815251,1.0,9.7,https://www.openstreetmap.org/way/177770015,recommended
3450.1,The Hangar,verified,"On the northeast corner of Underwood St. and Murphy Ave., at the North End",-93.1702407,44.9873662,exact_named_place,1,1,way,164878256,The Hangar,,-93.1700361,44.9874313,1.0,17.6,https://www.openstreetmap.org/way/164878256,recommended
2477.1,Hawaiian Shaved Ice,withheld,North side of Dan Patch Ave. between Underwood & Cooper streets,-93.170864417949,44.980941050291,no_named_place_match,1,0,,,,,,,,,,required
2493.1,Henry's Kettle Korn,withheld,"East side of Cooper St. between Lee & Randall avenues, at The North Woods",-93.167965033974,44.984756687925,no_named_place_match,1,0,,,,,,,,,,required
5836.1,The Herbivorous Butcher,withheld,"In the Food Building, west section, south wall",-93.169103148718,44.979506986195,no_named_place_match,1,0,,,,,,,,,,required
3790.1,The Hideaway Speakeasy,verified,"In the Grandstand, upper level, west section",-93.1738435,44.9812464,no_named_place_match,1,0,way,738967282,Midway Parkway,,-93.1670034,44.9810186,0.6875,538.6,https://www.openstreetmap.org/way/738967282,required
3689.1,Holy Land,withheld,"At the International Bazaar, southeast corner",-93.169975545513,44.977496471968,no_named_place_match,1,0,,,,,,,,,,required
2196.2,Ice Cold Root Beer,withheld,East side of Nelson St. between Carnes & Judson avenues,-93.171267228127,44.978270592019,no_named_place_match,1,0,node,7223510632,1919 Root Beer,1676 Dan Patch Avenue,-93.170353,44.9809666,0.625,308.3,https://www.openstreetmap.org/node/7223510632,required
13242.1,Iemochi Japanese Confections,withheld,"At the International Bazaar, south wall",-93.167999911538,44.977307,no_named_place_match,1,0,,,,,,,,,,required
2569.1,iPierogi,withheld,"In the Food Building, south wall",-93.169815853846,44.980213683453,no_named_place_match,1,0,,,,,,,,,,required
2561.1,Isabel Burke's Taffy,missing,"Between Underwood & Cooper streets, outside south side of the Food Building",,,no_named_place_match,1,0,,,,,,,,,,required
2565.1,Italian Junction,withheld,South side of Dan Patch Ave. between Nelson & Underwood streets,-93.170213842308,44.981851273805,exact_named_place,1,1,way,177770088,Italian Junction,1710 Dan Patch Avenue,-93.1715052,44.9809534,1.0,142.4,https://www.openstreetmap.org/way/177770088,required
2582.1,Java Jive,verified,South side of West Dan Patch Ave. between Liggett & Chambers streets,-93.1750625,44.9806875,exact_named_place,1,1,way,1211896526,Java Jive,1802 Dan Patch Avenue,-93.1750105,44.9806056,1.0,10.0,https://www.openstreetmap.org/way/1211896526,recommended
239.1,The Jerky Shoppe,withheld,"In the Grandstand, lower level, west wall, row 10",-93.174590014103,44.981971783556,no_named_place_match,1,0,,,,,,,,,,required
7741.1,Jive Turkey BBQ,verified,North side of Lee Ave. between Underwood & Cooper streets,-93.1701194,44.9867755,no_named_place_match,1,0,,,,,,,,,,recommended
4847.1,JJ Vescio's,withheld,"East of Chambers St., just south of the Grandstand",-93.172586574359,44.980107249401,strong_named_place,1,0,way,177770119,Vescio's at the Fair,1770 Dan Patch Avenue,-93.1738305,44.9806654,0.92,115.9,https://www.openstreetmap.org/way/177770119,required
3695.1,JonnyPops,withheld,"At West End Market, center section",-93.176282873718,44.981753212453,no_named_place_match,1,0,,,,,,,,,,required
2604.1,Juanita's Fajitas,withheld,"West of Nelson St., just south of the Grandstand",-93.17403971859,44.980561950742,no_named_place_match,1,0,way,773881582,Kiwanis Malts,1434 Cosgrove Street,-93.1677809,44.9838554,0.5517,613.5,https://www.openstreetmap.org/way/773881582,required
2122.1,Kathie's Cotton Candy,withheld,West side of Liggett St. between Carnes & Judson avenues,-93.17644756859,44.979856055091,no_named_place_match,3,0,,,,,,,,,,required
2122.2,Kathie's Cotton Candy,withheld,"West of Nelson St., just south of the Grandstand",-93.172717473718,44.981754491023,no_named_place_match,3,0,,,,,,,,,,required
2122.3,Kathie's Cotton Candy,withheld,West side of Liggett St. between West Dan Patch & Carnes avenues,-93.175379328846,44.98039981295,no_named_place_match,3,0,,,,,,,,,,required
2607.1,Katie's Famous Sweet Tea,withheld,At Mighty Midway,-93.177235873077,44.980200388489,no_named_place_match,1,0,,,,,,,,,,required
3986.1,Key Lime Pie Bar,withheld,"West side of Cooper St., just north of the Agriculture Horticulture Building",-93.168567477564,44.980970670944,no_named_place_match,1,0,,,,,,,,,,required
11408.1,Kiwanis Malts,withheld,East side of Cosgrove St. between the Fine Arts Center & 4-H Building,-93.168753580128,44.983132662519,exact_named_place,1,1,way,773881582,Kiwanis Malts,1434 Cosgrove Street,-93.1677809,44.9838554,1.0,111.0,https://www.openstreetmap.org/way/773881582,required
3699.1,Kora & Mila's Cookie Dough,withheld,South side of Dan Patch Ave. between Cooper & Cosgrove streets,-93.168000873718,44.981982605872,no_named_place_match,1,0,,,,,,,,,,required
10432.1,Kosharina Egyptian Cuisine,withheld,Located south of the Grandstand Building under the Grandstand Ramp,-93.173359,44.980671,no_named_place_match,1,0,,,,,,,,,,required
2120.2,L & B Cotton Candy,withheld,Northwest corner of Dan Patch Ave. & Underwood St.,-93.171891790385,44.980366205068,no_named_place_match,3,0,,,,,,,,,,required
2120.3,L & B Cotton Candy,missing,Southwest corner of Carnes Ave. & Nelson St.,,,no_named_place_match,3,0,,,,,,,,,,required
2120.1,L & B Cotton Candy,withheld,South side of Judson Ave. between Nelson & Underwood streets,-93.171020259615,44.979530674574,no_named_place_match,3,0,,,,,,,,,,required
241.1,Leimon's Pizzeria,withheld,At Mighty Midway,-93.175851257692,44.979704892994,no_named_place_match,1,0,,,,,,,,,,required
5171.1,Libby's Ice Cream & Co.,withheld,"Located south of the Grandstand Building, under the Grandstand Ramp",-93.174187344299,44.981594712132,no_named_place_match,1,0,,,,,,,,,,required
2681.1,Libby's Soft Serve 16 Flavors,withheld,East side of Cosgrove St. outside the Education Building,-93.167894653846,44.982555949367,no_named_place_match,1,0,,,,,,,,,,required
3477.1,Licorice Ropes,withheld,"In the Grandstand, lower level, east section",-93.172642234615,44.981200253165,no_named_place_match,1,0,way,177770081,State Fair Corn Roast,Dan Patch Avenue,-93.1716035,44.9808409,0.5833,90.9,https://www.openstreetmap.org/way/177770081,required
3386.2,Loon Lake Iced Tea,withheld,West side of Underwood St. between Wright & Dan Patch avenues,-93.171913342308,44.983514440728,no_named_place_match,1,0,,,,,,,,,,required
2708.1,Luigi Fries,withheld,Northeast corner of Carnes Ave. & Nelson St.,-93.17245278335,44.980102213089,no_named_place_match,1,0,,,,,,,,,,required
1416.1,LuLu's Public House,verified,"At West End Market, south of Schilling Amphitheater",-93.1776071,44.9812286,exact_named_place,1,1,way,177770113,Lulu's Public House,,-93.1776172,44.9812046,1.0,2.8,https://www.openstreetmap.org/way/177770113,recommended
9067.1,Lumpia City,withheld,West side of Liggett St. between Carnes & Judson avenues,-93.174125542455,44.979857085169,no_named_place_match,1,0,,,,,,,,,,required
2710.1,The Lunch Box,verified,"East side of Cooper St. between Wright & Dan Patch avenues, south of the Home Improvement Building",-93.1689096,44.9816333,exact_named_place,1,1,way,177770098,The Lunch Box,1350 Cooper Street,-93.168864,44.9815758,1.0,7.3,https://www.openstreetmap.org/way/177770098,required
2673.1,Luther Auto Pit Stop,withheld,"East side of Cooper St. between Dan Patch and Judson avenues, just south of the Bandshell",-93.169006117308,44.979987669065,no_named_place_match,1,0,,,,,,,,,,required
2719.1,Lynn's Lefse,withheld,"In the Food Building, south wall",-93.168827331879,44.97908187514,no_named_place_match,1,0,,,,,,,,,,required
2727.1,Mac's Grille,withheld,"In the Food Building, south wall",-93.169814006238,44.980146708644,no_named_place_match,1,0,node,12136098524,Andy's Grille,,-93.1741605,44.9797511,0.7826,344.7,https://www.openstreetmap.org/node/12136098524,required
10914.1,Magdalena's Chimney Cakes,withheld,North side of Judson Ave. between Clough & Nelson streets,-93.174369229575,44.979692495783,no_named_place_match,1,0,,,,,,,,,,required
198.1,Mancini's al Fresco,verified,North side of Carnes Ave. between Nelson & Underwood streets,-93.1716697,44.9801006,no_named_place_match,1,0,way,177770021,Mancini's / French Crepes,,-93.1717389,44.9800992,0.65,5.4,https://www.openstreetmap.org/way/177770021,recommended
2737.1,Manny's Tortas,withheld,"In the Food Building, northeast section",-93.17093205641,44.979793268332,no_named_place_match,1,0,,,,,,,,,,required
2743.1,Mario's,withheld,"In the Food Building, northwest section",-93.168750476282,44.980849972001,no_named_place_match,1,0,way,177770129,Menards,1390 Cooper Street,-93.1687813,44.982571,0.6154,191.4,https://www.openstreetmap.org/way/177770129,required
2758.1,Mexican Hat,withheld,"East of Chambers St., just south of the Grandstand",-93.175460028846,44.981503695768,exact_named_place,1,1,way,177770133,Mexican Hat,,-93.1740743,44.9806755,1.0,142.7,https://www.openstreetmap.org/way/177770133,required
2764.2,Midtown Global Market's El Taco Torro,withheld,"In the Taste of the Midtown Global Market booth at the International Bazaar, east wall",-93.169702040007,44.979363825076,no_named_place_match,1,0,,,,,,,,,,required
2764.1,Midtown Global Market's Irie Jamaican Express,withheld,"In the Taste of the Midtown Global Market booth at the International Bazaar, east wall",-93.169753322058,44.979219680932,no_named_place_match,1,0,,,,,,,,,,required
10877.1,Midway Mens Club,verified,"East side of Underwood St. between Wright & Dan Patch avenues, next to Visitors Plaza",-93.1702901,44.981689,exact_named_place,1,1,way,177770063,Midway Men's Club,,-93.1702818,44.9816581,1.0,3.5,https://www.openstreetmap.org/way/177770063,recommended
154.1,Mike's Hamburgers,verified,Northeast corner of Carnes Ave. & Nelson St.,-93.171927,44.9800383,no_named_place_match,1,0,,,,,,,,,,recommended
2776.1,Miller's Flavored Cheese Curds,verified,"East side of Nelson St. between Dan Patch & Carnes avenues, next to the Giant Slide",-93.1719291,44.9801338,no_named_place_match,1,0,,,,,,,,,,recommended
2780.1,Mini Melts/Wonder Bar,withheld,"East side of Cooper St. between Randall & Wright avenues, at Family Fair at Baldwin Park",-93.169058457692,44.98373886076,no_named_place_match,1,0,,,,,,,,,,required
1548.1,Minneapple Pie,verified,South side of Judson Ave. between Nelson & Underwood streets,-93.1716182,44.9787774,no_named_place_match,1,0,,,,,,,,,,recommended
3718.1,Minnekabob,withheld,South side of Dan Patch Ave. between Underwood & Cooper streets,-93.169270224359,44.982066807311,no_named_place_match,1,0,,,,,,,,,,required
2784.1,Minnesnowii Shave Ice,withheld,West side of Nelson St. between Dan Patch & Carnes avenues,-93.172362059615,44.980554920863,no_named_place_match,1,0,,,,,,,,,,required
2838.1,Minnesota Apples,withheld,"In the Agriculture Horticulture Building, south side",-93.169707068199,44.979031908512,no_named_place_match,1,0,,,,,,,,,,required
2649.1,Minnesota Craft Brewers Guild,withheld,"In the Agriculture Horticulture Building, west side",-93.169644785256,44.980053087692,no_named_place_match,1,0,way,177770069,Root Beer Hut,1765 Carnes Avenue,-93.1736658,44.9800205,0.5625,316.3,https://www.openstreetmap.org/way/177770069,required
2878.1,Minnesota Farmers Union Coffee Shop,verified,North side of Dan Patch Ave. between Cooper & Cosgrove streets,-93.1685723,44.9814844,strong_named_place,1,0,way,177770111,Farmers Union,1635 Dan Patch Avenue,-93.1686256,44.9814619,0.92,4.9,https://www.openstreetmap.org/way/177770111,recommended
2886.1,Minnesota Honey Producers Association,withheld,"In the Agriculture Horticulture Building, north side",-93.169711173077,44.979655294964,no_named_place_match,1,0,way,177770016,Minnesota Blue Flame Gas Association,1311 Nelson Street,-93.1723751,44.9804346,0.6038,226.7,https://www.openstreetmap.org/way/177770016,required
4072.1,Minnesota Wine Country,verified,West side of Underwood St. between Carnes & Judson avenues,-93.1708926,44.9793878,exact_named_place,1,1,way,177770056,Minnesota Wine Country,1271 Underwood Street,-93.1709172,44.9793794,1.0,2.1,https://www.openstreetmap.org/way/177770056,recommended
11206.1,Minnesota's Original Apple Fries,withheld,North side of Dan Patch Ave. between Underwood & Cooper streets,-93.170514728205,44.98092835215,no_named_place_match,1,0,,,,,,,,,,required
3645.1,The Mouth Trap Cheese Curds,withheld,In the Food Building,-93.1699704,44.9802432,no_named_place_match,1,0,,,,,,,,,,required
4057.1,Mr. E's Drink Time,withheld,"In the Food Building, south wall",-93.171263940401,44.98115639984,no_named_place_match,1,0,,,,,,,,,,required
5827.1,Nautical Bowls,withheld,"In the Food Building, center section, north wall",-93.170665495513,44.980883033379,no_named_place_match,1,0,,,,,,,,,,required
2941.1,Netterfield's Food Court,withheld,East side of Cooper St. between Wright & Dan Patch avenues,-93.170473308333,44.981079118673,no_named_place_match,1,0,,,,,,,,,,required
2941.2,Netterfield's Popcorn Stand,withheld,West side of Cooper St. between Dan Patch & Judson avenues,-93.169301686538,44.980337769784,no_named_place_match,1,0,node,12148877487,Corn,,-93.1706031,44.9854069,0.92,572.9,https://www.openstreetmap.org/node/12148877487,required
2953.1,Nitro Ice Cream,withheld,"In the Food Building, northeast corner",-93.168161214103,44.981420077127,no_named_place_match,1,0,,,,,,,,,,required
256.1,O'Gara's at the Fair,verified,Southwest corner of Dan Patch Ave. & Cosgrove St.,-93.1684059,44.9809198,exact_named_place,1,1,way,71279706,O'Gara's at the Fair,1626 Dan Patch Avenue,-93.168411,44.9808538,1.0,7.3,https://www.openstreetmap.org/way/71279706,recommended
2987.1,Ole and Lena's,withheld,West side of Liggett St. between Carnes & Judson avenues,-93.176937875,44.980470828829,no_named_place_match,1,0,way,1312495000,Police Substation East,1321 Cosgrove Street,-93.1683682,44.9806919,0.5714,674.5,https://www.openstreetmap.org/way/1312495000,required
3759.2,Ollie's Crab Fritters,withheld,On the east side of Underwood St. between Murphy and Lee avenues,-93.1705577,44.9838769,no_named_place_match,1,0,,,,,,,,,,required
2991.1,Oodles of Noodles,withheld,"In the Food Building, east wall",-93.168417624359,44.981174004926,no_named_place_match,1,0,,,,,,,,,,required
3008.1,Oven Fresh Brownies,missing,Southwest corner of Dan Patch Ave. & Cooper St.,,,no_named_place_match,1,0,way,177770104,Fresh French Fries,1701 Judson Avenue,-93.1712103,44.9787867,0.5946,,https://www.openstreetmap.org/way/177770104,required
6268.1,Paella Depot,withheld,South side of Judson Ave. between Clough & Nelson streets,-93.173123161727,44.977466042152,no_named_place_match,1,0,way,773836590,The Home Depot,1555 Underwood Street,-93.1708885,44.9869245,0.6364,1066.3,https://www.openstreetmap.org/way/773836590,required
3020.1,Panda Palace,withheld,"At the International Bazaar, northeast corner",-93.167854147436,44.977922785015,no_named_place_match,1,0,way,18208312,Buford Place,,-93.1794372,44.9852937,0.5833,1225.5,https://www.openstreetmap.org/way/18208312,required
3030.1,Patio Grill,withheld,East side of Nelson St. between Carnes & Judson avenues,-93.173235129487,44.979696033755,no_named_place_match,1,0,node,12136098524,Andy's Grille,,-93.1741605,44.9797511,0.6087,73.0,https://www.openstreetmap.org/node/12136098524,required
8386.1,Peachey's Baking Company,withheld,"North side of Randall Avenue, east of Cosgrove Street, outside the Progress Center",-93.168254037179,44.985340925919,no_named_place_match,1,0,,,,,,,,,,required
252.1,The Peg,verified,Outside southeast side of Agriculture Horticulture Building,-93.1693102,44.9790698,no_named_place_match,1,0,,,,,,,,,,required
3089.2,The Perfect Pickle,withheld,West side of Underwood St. at Lee Ave.,-93.171691809615,44.986605695897,no_named_place_match,2,0,,,,,,,,,,required
3089.1,The Perfect Pickle,verified,Southwest corner of West Dan Patch Ave. & Liggett St.,-93.1755182,44.9806751,no_named_place_match,2,0,,,,,,,,,,recommended
246.1,Peters Hot Dogs,withheld,"In the Food Building, west wall",-93.171285353846,44.980748043943,no_named_place_match,2,0,,,,,,,,,,required
3052.1,Peters Hot Dogs,withheld,At Kidway,-93.171735587179,44.981903989241,no_named_place_match,2,0,,,,,,,,,,required
8924.1,Peterson's Pork Chops,withheld,South side of Judson Ave. between Nelson & Underwood streets,-93.170533705769,44.97883622648,no_named_place_match,1,0,,,,,,,,,,required
5910.1,Pickle Barrel Sirloin Tips,missing,Northeast corner of Judson Ave. & Nelson St.,,,no_named_place_match,1,0,,,,,,,,,,required
3060.1,Pickle Dog,verified,South side of Carnes Ave. between Liggett & Chambers streets,-93.1750532,44.9797389,no_named_place_match,1,0,,,,,,,,,,recommended
3066.1,Pizza Wagon,withheld,"West side of Liggett St., just north of Mighty Midway",-93.175473233654,44.980380313561,no_named_place_match,1,0,,,,,,,,,,required
3077.1,Poncho Dogs,withheld,"South side of Carnes Ave. between Clough & Nelson streets, in front of the DNR Building",-93.171631410577,44.980579265168,no_named_place_match,4,0,,,,,,,,,,required
3079.2,Poncho Dogs,withheld,South side of Dan Patch Ave. between Cooper & Cosgrove streets,-93.167913463462,44.981518860458,no_named_place_match,4,0,,,,,,,,,,required
3079.3,Poncho Dogs,withheld,Southwest corner of Judson Ave. & Clough St.,-93.175083399359,44.978101568864,no_named_place_match,4,0,,,,,,,,,,required
3079.1,Poncho Dogs,withheld,South side of Judson Ave. between Nelson & Underwood streets,-93.172881254487,44.979400116793,no_named_place_match,4,0,,,,,,,,,,required
3095.1,Pretzel Dogs,withheld,West side of Liggett St. between Carnes & Judson avenues,-93.176421138665,44.978916659608,no_named_place_match,1,0,,,,,,,,,,required
3093.1,The Pretzel Factory,withheld,West side of Nelson St. between Carnes & Judson avenues,-93.170878969231,44.978286593428,no_named_place_match,1,0,,,,,,,,,,required
3101.1,The Produce Exchange,verified,Northwest corner of Carnes Ave. & Underwood St.,-93.170757,44.9800641,exact_named_place,1,1,way,177770032,The Produce Exchange,,-93.1707699,44.9800505,1.0,1.8,https://www.openstreetmap.org/way/177770032,recommended
3107.1,Pronto Pups,withheld,West side of Nelson St. between Dan Patch & Carnes avenues,-93.172337428846,44.980368791367,ambiguous_vendor_identity,8,1,way,177770052,Pronto Pups,1315 Underwood Street,-93.1708771,44.980615,1.0,118.1,https://www.openstreetmap.org/way/177770052,required
3109.1,Pronto Pups,withheld,"East side of Underwood St. between Wright & Dan Patch avenues, outside Kidway",-93.169612024359,44.982657899418,ambiguous_vendor_identity,8,1,way,177770052,Pronto Pups,1315 Underwood Street,-93.1708771,44.980615,1.0,248.0,https://www.openstreetmap.org/way/177770052,required
3111.1,Pronto Pups,withheld,South side of Dan Patch Ave. between Underwood & Cooper streets,-93.169165639744,44.980400140644,ambiguous_vendor_identity,8,1,way,177770052,Pronto Pups,1315 Underwood Street,-93.1708771,44.980615,1.0,136.7,https://www.openstreetmap.org/way/177770052,required
3115.1,Pronto Pups,missing,Southeast corner of Carnes Ave. & Liggett St.,,,ambiguous_vendor_identity,8,1,way,177770052,Pronto Pups,1315 Underwood Street,-93.1708771,44.980615,1.0,,https://www.openstreetmap.org/way/177770052,required
1023.1,Pronto Pups,withheld,West side of Underwood St. between Dan Patch & Carnes avenues,-93.171730824359,44.979595388554,ambiguous_vendor_identity,8,1,way,177770052,Pronto Pups,1315 Underwood Street,-93.1708771,44.980615,1.0,131.8,https://www.openstreetmap.org/way/177770052,required
5028.1,Pronto Pups,withheld,East side of Cosgrove St. between Randall & Wright avenues,-93.169436747436,44.982996216087,ambiguous_vendor_identity,8,1,way,177770052,Pronto Pups,1315 Underwood Street,-93.1708771,44.980615,1.0,288.0,https://www.openstreetmap.org/way/177770052,required
5687.1,Pronto Pups,withheld,North side of Carnes Ave. between Chambers & Nelson streets,-93.172529664103,44.980542087368,ambiguous_vendor_identity,8,1,way,177770052,Pronto Pups,1315 Underwood Street,-93.1708771,44.980615,1.0,130.2,https://www.openstreetmap.org/way/177770052,required
7805.1,Pronto Pups,withheld,Northwest corner of Randall Ave. & Cooper St.,-93.167987884615,44.983609593493,ambiguous_vendor_identity,8,1,way,177770052,Pronto Pups,1315 Underwood Street,-93.1708771,44.980615,1.0,403.1,https://www.openstreetmap.org/way/177770052,required
1416.2,Pryes Brewing Pavilion,withheld,"At West End Market, south of Schilling Amphitheater",-93.178766901923,44.980929195282,no_named_place_match,1,0,way,1211678502,Horton Pavillions,,-93.1713663,44.9820584,0.5641,595.5,https://www.openstreetmap.org/way/1211678502,required
3127.1,Que Viet Concessions,verified,East side of Cooper St. outside the Merch Market,-93.1688966,44.9807643,no_named_place_match,1,0,,,,,,,,,,recommended
4150.1,Quench’d: Lemonade/Bottled Water,withheld,South side of Dan Patch Ave. between Nelson & Underwood streets,-93.171254906238,44.981083733961,no_named_place_match,1,0,,,,,,,,,,required
3759.1,Quesadilla Junction,withheld,On the east side of Underwood St. between Murphy and Lee avenues,-93.1705577,44.9838769,no_named_place_match,1,0,way,177770088,Italian Junction,1710 Dan Patch Avenue,-93.1715052,44.9809534,0.6857,333.5,https://www.openstreetmap.org/way/177770088,required
2529.1,R&R Ice Cream,withheld,Southeast corner of Randall Ave. & Underwood St.,-93.170250894958,44.984328917877,no_named_place_match,1,0,,,,,,,,,,required
3131.1,Ragin Cajun,withheld,"In The Garden, west wall",-93.170698641026,44.979889237085,no_named_place_match,1,0,node,11218875084,Saint Paul,,-93.1672714,44.9786938,0.5714,300.6,https://www.openstreetmap.org/node/11218875084,required
1856.1,RC Cola,withheld,East side of Underwood St. outside Visitors Plaza,-93.171771571154,44.982257403353,no_named_place_match,1,0,,,,,,,,,,required
3217.1,RC's BBQ,verified,North side of West Dan Patch Ave. between Liggett & Chambers streets,-93.1748973,44.9811008,exact_named_place,1,1,way,177770031,RC's BBQ,1801 Dan Patch Avenue,-93.1749544,44.981046,1.0,7.6,https://www.openstreetmap.org/way/177770031,recommended
3173.1,Rice Kristie Bars,withheld,North side of Carnes Ave. between Nelson & Underwood streets,-93.170140046154,44.980689031817,no_named_place_match,1,0,,,,,,,,,,required
5275.1,Richie's Cheese Curd Tacos,withheld,West side of Chambers St. between West Dan Patch & Carnes avenues,-93.173095059981,44.980933462565,no_named_place_match,1,0,,,,,,,,,,required
5754.1,Rick's Pizza,verified,West side of Cosgrove St. between Wright & Dan Patch avenues,-93.1682909,44.9814558,no_named_place_match,2,0,,,,,,,,,,recommended
5754.2,Rick's Pizza,withheld,West side of Cooper St. between Murphy & Lee avenues,-93.1694244,44.9867388,no_named_place_match,2,0,,,,,,,,,,required
5754.3,Funnel Cakes & Elephant Ears,withheld,South side of Randall Ave. between Underwood & Cooper streets,-93.169593,44.9844182,no_named_place_match,1,0,,,,,,,,,,required
11056.1,Roon's Savories,verified,West side of Liggett St. between Carnes & Judson avenues,-93.1752848,44.9781329,no_named_place_match,1,0,,,,,,,,,,recommended
3404.1,Root Beer Hut,verified,North side of Carnes Ave. between Chambers & Nelson streets,-93.1736472,44.9800207,exact_named_place,1,1,way,177770069,Root Beer Hut,1765 Carnes Avenue,-93.1736658,44.9800205,1.0,1.5,https://www.openstreetmap.org/way/177770069,recommended
792.1,Rooted & Wild by Snack House,withheld,"In the Lee & Rose Warner Coliseum, south side",-93.173614572436,44.978486090997,no_named_place_match,1,0,,,,,,,,,,required
3766.1,Route 66 Roadhouse Chicken,withheld,"In the Food Building, northwest corner",-93.170000584615,44.980345189873,no_named_place_match,1,0,,,,,,,,,,required
792.2,Sabino's Pizza Pies,withheld,"In the Lee & Rose Warner Coliseum, north side",-93.175331005769,44.978838583576,no_named_place_match,1,0,,,,,,,,,,required
10369.1,Sadies Classics Frozen Custard,withheld,"West side of Underwood St., just north of Carnes Ave.",-93.169973501012,44.979564451582,no_named_place_match,1,0,,,,,,,,,,required
3231.1,Salem Lutheran Church Dining Hall,verified,"North side of Randall Ave., just south of the Progress Center",-93.1678234,44.9845954,no_named_place_match,1,0,way,239192031,Salem Lutheran Dining Hall - Swedish Egg Coffee,1615 Randall Avenue,-93.1678156,44.9845882,0.6667,1.0,https://www.openstreetmap.org/way/239192031,recommended
3235.1,San Felipe Tacos,withheld,Southwest corner of Dan Patch Ave. & Underwood St.,-93.169450288462,44.98203281107,no_named_place_match,1,0,way,157892106,Dan Elmer Way,,-93.1710705,44.9862533,0.5517,486.3,https://www.openstreetmap.org/way/157892106,required
3239.1,The Sandwich Stop,verified,West side of Clough St. between Carnes & Judson avenues,-93.1733813,44.9789745,no_named_place_match,1,0,,,,,,,,,,recommended
1288.1,Sara's Tipsy Pies,withheld,"In the Food Building, northwest wall",-93.169951323077,44.980479582734,no_named_place_match,1,0,,,,,,,,,,required
9531.1,Saturday Dumpling Co.,withheld,"In the Food Building, east wall",-93.168427871154,44.979787928835,no_named_place_match,1,0,,,,,,,,,,required
3247.1,Sausage by Cynthia,withheld,North side of Judson Ave. between Nelson & Underwood streets,-93.17310056791,44.977866724026,no_named_place_match,1,0,,,,,,,,,,required
3249.1,Sausage Express,withheld,North side of Dan Patch Ave. between Nelson & Underwood streets,-93.170311162821,44.980465741266,no_named_place_match,1,0,,,,,,,,,,required
12916.1,Sausage Sister & Me,withheld,"In the Food Building, east wall",-93.169350244868,44.980420343544,no_named_place_match,1,0,,,,,,,,,,required
3769.1,Scotch Eggs,withheld,West side of Liggett St. between Carnes & Judson avenues,-93.175450142308,44.979513482014,no_named_place_match,1,0,,,,,,,,,,required
3276.1,Shanghai Henri's,verified,"At the International Bazaar, north section",-93.1693112,44.9784212,no_named_place_match,1,0,way,130819064,Shanghai Market,1546 Como Avenue,-93.1654628,44.9770212,0.6667,340.4,https://www.openstreetmap.org/way/130819064,recommended
1573.1,Shrimp Shack,withheld,West side of Underwood St. between Carnes & Judson avenues,-93.17120962726,44.978846993366,no_named_place_match,1,0,,,,,,,,,,required
215.1,Simply Nuts & More,withheld,"In the Lee & Rose Warner Coliseum, east side",-93.1745529,44.9781951,no_named_place_match,1,0,,,,,,,,,,required
2084.2,Smokey's Grill,withheld,South side of Murphy Ave. between Underwood & Cooper streets,-93.1695298,44.9870282,no_named_place_match,1,0,node,9498988656,Smokey The Bear,,-93.1729132,44.9796205,0.6667,865.6,https://www.openstreetmap.org/node/9498988656,required
5581.1,Smoothies,withheld,East side of Underwood St. between Murphy & Lee avenues,-93.1701963,44.9868911,no_named_place_match,1,0,,,,,,,,,,required
5052.1,Solem's Cheese Curds,withheld,East side of Underwood St. between Murphy & Lee avenues,-93.1702056,44.9864309,no_named_place_match,1,0,,,,,,,,,,required
5052.3,Solem's French Fries,withheld,East side of Underwood St. between Murphy & Lee avenues,-93.1702056,44.9864309,no_named_place_match,1,0,way,177770115,Fresh French Fries,,-93.1750955,44.9802011,0.7568,792.3,https://www.openstreetmap.org/way/177770115,required
5052.2,Solem's Mini Donuts,withheld,East side of Underwood St. between Murphy & Lee avenues,-93.1702056,44.9864309,no_named_place_match,1,0,way,177770079,Tiny Tim Donuts,1769 Carnes Avenue,-93.1737794,44.9800279,0.6061,765.5,https://www.openstreetmap.org/way/177770079,required
3332.1,Sonny's Fair Food,withheld,"In the Food Building, northwest section",-93.168608849359,44.98116161706,no_named_place_match,1,0,,,,,,,,,,required
5799.1,Soul Bowl,withheld,"In the Food Building, east wall",-93.168502725641,44.979993824746,no_named_place_match,1,0,,,,,,,,,,required
3340.1,Spaghetti Eddies,verified,East side of Cooper St. outside the Merch Market,-93.168897,44.9807323,no_named_place_match,1,0,,,,,,,,,,recommended
8073.1,SPAM,withheld,"Located south of the Grandstand Building, under the Grandstand Ramp",-93.17482836994,44.981684802222,no_named_place_match,1,0,,,,,,,,,,required
5175.1,Spinning Wylde,withheld,"Located north of Wright Ave. between Cooper & Cosgrove streets, at Family Fair at Baldwin Park",-93.167733014103,44.982688331454,no_named_place_match,1,0,,,,,,,,,,required
257.1,Steichen's Grocery & Deli,withheld,"In the Commissary building, just north of the Sheep & Poultry Barn",-93.174651815259,44.978967488752,no_named_place_match,1,0,way,130819068,Nelson Cheese & Deli,1562 Como Avenue,-93.1662747,44.977086,0.625,691.3,https://www.openstreetmap.org/way/130819068,required
3386.1,Strawberries 'N Creme,verified,West side of Underwood St. at Wright Ave.,-93.170747,44.984002,no_named_place_match,1,0,,,,,,,,,,recommended
9260.1,The Strawberry Patch,verified,West side of Liggett St. between Carnes & Judson avenues,-93.1756591,44.9792484,no_named_place_match,1,0,,,,,,,,,,recommended
3394.1,Sugar Shack,withheld,At the Mighty Midway,-93.177235873077,44.980200388489,no_named_place_match,1,0,way,177770131,Bayou Bob's Gator Shack,1726 Dan Patch Avenue,-93.1717412,44.9808127,0.6061,437.5,https://www.openstreetmap.org/way/177770131,required
3398.1,Summer Lakes Boat House,verified,Southwest corner of Randall Ave. & Underwood St.,-93.1707496,44.9840099,no_named_place_match,1,0,,,,,,,,,,recommended
3276.2,Summit On A Stick,withheld,"At the International Bazaar, north section",-93.1691058,44.9780534,no_named_place_match,1,0,node,9066981317,Math On-A-Stick,,-93.168286,44.9841595,0.8125,682.0,https://www.openstreetmap.org/node/9066981317,required
3408.1,Super Dog,withheld,east side of Liggett Street between West Dan Patch and Carnes avenues,-93.176094986179,44.979555170138,no_named_place_match,1,0,node,11227582236,Dairy Dog,,-93.1707902,44.978503,0.5556,433.3,https://www.openstreetmap.org/node/11227582236,required
3412.1,Sweet & Sour USA,withheld,"In the Lee & Rose Warner Coliseum, south wall",-93.175783639681,44.978339509055,no_named_place_match,1,0,way,68169471,Sheep & Poultry Barn,1785 Judson Avenue,-93.1744762,44.9789722,0.65,124.6,https://www.openstreetmap.org/way/68169471,required
2079.1,Sweet Martha's Cookie Jar,withheld,North side of West Dan Patch Ave. between Liggett & Chambers streets,-93.173640357692,44.98006676588,ambiguous_vendor_identity,3,1,way,177770034,Sweet Martha's Cookie Jar,1710 Carnes Avenue,-93.171537,44.9796391,1.0,172.1,https://www.openstreetmap.org/way/177770034,required
3983.1,Sweet Martha's Cookie Jar,verified,South side of Carnes Ave. between Nelson & Underwood streets,-93.1715896,44.9797695,ambiguous_vendor_identity,3,1,way,177770034,Sweet Martha's Cookie Jar,1710 Carnes Avenue,-93.171537,44.9796391,1.0,15.1,https://www.openstreetmap.org/way/177770034,recommended
3981.1,Sweet Martha's Cookie Jar,withheld,West side of Underwood St. between Murphy & Lee avenues,-93.171870286538,44.987169390239,ambiguous_vendor_identity,3,0,way,177770034,Sweet Martha's Cookie Jar,1710 Carnes Avenue,-93.171537,44.9796391,1.0,837.7,https://www.openstreetmap.org/way/177770034,required
1509.1,Sweets & Treats,withheld,North side of Dan Patch Ave. between Underwood & Cooper streets,-93.170089029487,44.98229727677,no_named_place_match,2,0,way,68169471,Sheep & Poultry Barn,1785 Judson Avenue,-93.1744762,44.9789722,0.5641,505.7,https://www.openstreetmap.org/way/68169471,required
1509.2,Sweets & Treats,withheld,At Kidway,-93.1700536,44.9827569,no_named_place_match,2,0,way,68169471,Sheep & Poultry Barn,1785 Judson Avenue,-93.1744762,44.9789722,0.5641,546.0,https://www.openstreetmap.org/way/68169471,required
792.4,Swine & Spuds,withheld,"In the Lee & Rose Warner Coliseum, northeast corner",-93.17225460208,44.979240459781,no_named_place_match,1,0,way,71279703,Swine Barn,1227 Stevens Street,-93.1779995,44.9780896,0.64,469.6,https://www.openstreetmap.org/way/71279703,required
8535.1,Tasti Whip,withheld,Located on the northwest corner of Dan Patch Ave. & Underwood St.,-93.1708134,44.981263985612,no_named_place_match,1,0,,,,,,,,,,required
5581.2,Taulelle's Jurassic Corn Dogs,withheld,East side of Underwood St. between Murphy & Lee avenues,-93.1701963,44.9868911,possible_named_place,1,0,node,12148877487,Corn,,-93.1706031,44.9854069,0.92,168.1,https://www.openstreetmap.org/node/12148877487,required
3436.1,Tejas Express,withheld,"In The Garden, north wall",-93.168996351282,44.98179751625,no_named_place_match,1,0,,,,,,,,,,required
6137.1,Three Sisters Concessions,withheld,"North side of Judson Ave., outside the Horse Barn",-93.177128282051,44.979453648713,no_named_place_match,1,0,,,,,,,,,,required
1948.1,Tino's Pizza on a Stick,withheld,South side of Carnes Ave. at Chambers St.,-93.17386817328,44.980287329012,no_named_place_match,1,0,node,9066981317,Math On-A-Stick,,-93.168286,44.9841595,0.6486,614.9,https://www.openstreetmap.org/node/9066981317,required
3792.1,Tiny Tim Donuts,verified,North side of Carnes Ave. between Chambers & Clough streets,-93.1737502,44.9800518,exact_named_place,1,1,way,177770079,Tiny Tim Donuts,1769 Carnes Avenue,-93.1737794,44.9800279,1.0,3.5,https://www.openstreetmap.org/way/177770079,recommended
1511.2,Tom Thumb Donuts,withheld,"West side of Cooper St. between Wright & Dan Patch avenues, at Kidway",-93.170635573077,44.981201815486,no_named_place_match,1,0,way,177770079,Tiny Tim Donuts,1769 Carnes Avenue,-93.1737794,44.9800279,0.7097,279.6,https://www.openstreetmap.org/way/177770079,required
1511.1,Tom Thumb Mini Donuts,withheld,Southwest corner of Carnes Ave. & Underwood St.,-93.170690246154,44.979724936709,no_named_place_match,1,0,way,177770079,Tiny Tim Donuts,1769 Carnes Avenue,-93.1737794,44.9800279,0.6111,245.3,https://www.openstreetmap.org/way/177770079,required
266.1,Tot Boss,withheld,"East side of Underwood St. between Wright & Dan Patch avenues, south of Kidway",-93.170129896154,44.981740759494,no_named_place_match,1,0,way,773873160,State Fair Shuttle Buses,,-93.17676,44.9830554,0.5714,541.6,https://www.openstreetmap.org/way/773873160,required
2924.1,Turkey to Go,verified,East side of Clough St. between Carnes & Judson avenues,-93.1733812,44.9789745,exact_named_place,1,1,way,177770093,Turkey To Go,1256 Clough Street,-93.1733986,44.9789703,1.0,1.4,https://www.openstreetmap.org/way/177770093,recommended
9613.1,Two Rivers Kettle Korn,withheld,"At West End Market, southeast section",-93.175035267308,44.979868402748,no_named_place_match,1,0,,,,,,,,,,required
5659.1,Union Hmong Kitchen,withheld,"At the International Bazaar, south wall, west corner",-93.169329396154,44.978077625899,exact_named_place,1,1,node,12133029209,Union Hmong Kitchen,,-93.1694291,44.9779893,1.0,12.6,https://www.openstreetmap.org/node/12133029209,required
11221.1,Urban Glow Mocktails,withheld,"At the North End, northeast section, across from the North End Event Center",-93.168815805769,44.987328504634,no_named_place_match,1,0,,,,,,,,,,required
5609.1,Waffle Chix,withheld,On Judson Ave. between Liggett & Clough streets,-93.173594415385,44.977922554281,no_named_place_match,1,0,way,177770023,Minnesota AFL-CIO,,-93.1695104,44.9815323,0.6667,514.1,https://www.openstreetmap.org/way/177770023,required
3549.1,Waffle Cones,withheld,At Kidway,-93.169491997436,44.983858944196,no_named_place_match,1,0,way,177770023,Minnesota AFL-CIO,,-93.1695104,44.9815323,0.6316,258.7,https://www.openstreetmap.org/way/177770023,required
3553.1,Walleye On a Stick,withheld,"In the Food Building, southeast center section",-93.170935754503,44.979341423154,no_named_place_match,1,0,node,9066981317,Math On-A-Stick,,-93.168286,44.9841595,0.7273,574.9,https://www.openstreetmap.org/node/9066981317,required
3567.1,West End Creamery,withheld,"At West End Market, northwest section",-93.177867692667,44.982321192342,no_named_place_match,1,0,way,18213999,West Hendon Avenue,,-93.1795139,44.9859493,0.6286,423.7,https://www.openstreetmap.org/way/18213999,required
1286.1,West Indies Soul Food,withheld,"At the International Bazaar, south wall",-93.167824609615,44.978695544365,no_named_place_match,1,0,way,18222218,West Nebraska Avenue,,-93.1605561,44.9864051,0.5556,1030.4,https://www.openstreetmap.org/way/18222218,required
4872.1,Westmoreland Concessions,withheld,At Mighty Midway,-93.177864078205,44.981119307408,no_named_place_match,1,0,,,,,,,,,,required
10572.1,Wild Rice Specialties,withheld,"In the Food Building, northeast section",-93.170024120435,44.981123259354,no_named_place_match,1,0,,,,,,,,,,required
6202.1,Wow Fudge,withheld,"In the Merch Market, center aisle",-93.167754614103,44.981460214392,no_named_place_match,1,0,,,,,,,,,,required
