id,name,coordinate_status,booth_location,candidate_longitude,candidate_latitude,anchor_kind,anchor,constraint_distance_m,location_check,publication_decision
12742.1,1919 Root Beer,verified,Southeast corner of Dan Patch Ave. & Underwood St. outside The Garden,-93.1703352,44.9809803,street_corner,Dan Patch Avenue & Underwood Street,22.0,manual_review_15_to_30m,retain_verified
2114.1,3B Fresh Squeezed Lemonade & Foot Long Corn Dogs,withheld,West side of Liggett St. between Carnes & Judson avenues,-93.174149666026,44.978771392184,street_segment,Liggett Street between Carnes Avenue and Judson Avenue,95.1,reject_over_30m,keep_withheld_priority_review
6135.1,About a Foot Long Hot Dog,missing,Southwest corner of Carnes Ave. & Nelson St.,,,none,No coordinate candidate,,unparsed,no_coordinate_candidate
6449.1,About a Foot Long Hot Dog,withheld,"South side of Judson Ave. between Liggett & Clough streets, in front of the Lee & Rose Warner Coliseum",-93.1738553,44.978449884892,street_segment,Judson Avenue between Liggett Street and Clough Street,15.2,manual_review_15_to_30m,manual_evidence_required
9642.1,About a Foot Long Hot Dog,withheld,East side of Cosgrove St. between the Fine Arts Center & 4-H Building,-93.168036,44.9839827,named_place_or_building,Fine Arts Center,17.5,manual_review_15_to_30m,manual_evidence_required
9642.2,About a Foot Long Hot Dog,withheld,Northwest corner of Dan Patch Ave. & Cooper St.,-93.1693751,44.9814141,street_corner,Dan Patch Avenue & Cooper Street,37.2,reject_over_30m,keep_withheld_priority_review
6449.2,About a Foot Long Hot Dog,withheld,Southeast corner of Judson Ave. & Underwood St.,-93.168867953526,44.977873963109,street_corner,Judson Avenue & Underwood Street,153.4,reject_over_30m,keep_withheld_priority_review
7388.1,Afro Deli & Grill,verified,"In the Food Building, east wall",-93.16944,44.9803502,named_place_or_building,Food Building,0.0,consistent_with_written_location,retain_verified
210.1,Al's Subs & Malt Shop,verified,"East side of Nelson St. between Dan Patch & Carnes avenues, next to the Giant Slide",-93.1718193,44.9803951,street_segment,Nelson Street between Dan Patch Avenue and Carnes Avenue,12.7,consistent_with_written_location,retain_verified
792.3,Aldo's Burgers,withheld,"In the Lee & Rose Warner Coliseum, west side",-93.174896844329,44.978295168621,named_place_or_building,Lee & Rose Warner Coliseum,0.0,consistent_with_written_location,manual_evidence_required
2770.1,All You Can Drink Milk,verified,Northeast corner of Judson Ave. & Clough St.,-93.1733688,44.9786946,street_corner,Judson Avenue & Clough Street,20.5,manual_review_15_to_30m,retain_verified
1328.1,The Anchor Coffee House,withheld,West side of Underwood St. between Dan Patch & Carnes avenues,-93.169719014103,44.979551072007,street_segment,Underwood Street between Dan Patch Avenue and Carnes Avenue,75.1,reject_over_30m,keep_withheld_priority_review
1872.1,Andy's Grille,verified,South side of Carnes Ave. between Chambers & Nelson streets,-93.1743171,44.979745,street_segment,Carnes Avenue between Chambers Street and Nelson Street,14.2,consistent_with_written_location,retain_verified
5937.1,Attavio's Fries,withheld,"West side of Cooper St. between Dan Patch and Judson avenues, outside the Food Building",-93.17051655641,44.979407802061,street_segment,Cooper Street between Dan Patch Avenue and Judson Avenue,127.2,reject_over_30m,keep_withheld_priority_review
5177.1,Auntie M's Gluten Free,withheld,"South side of Judson Ave. between Nelson & Underwood streets, just west of Adventure Park",-93.173444394872,44.977904475598,street_segment,Judson Avenue between Nelson Street and Underwood Street,127.3,reject_over_30m,keep_withheld_priority_review
1899.1,Australian Battered Potatoes,withheld,South side of Judson Ave. between Nelson & Underwood streets,-93.172825984828,44.977903913226,street_segment,Judson Avenue between Nelson Street and Underwood Street,93.1,reject_over_30m,keep_withheld_priority_review
5146.1,BABA'S,verified,East side of Underwood St. between Murphy & Lee avenues,-93.1708125,44.9846875,street_segment,Underwood Street between Murphy Avenue and Lee Avenue,130.0,reject_over_30m,reopen_verified_before_next_publish
616.1,Ball Park Cafe,verified,East side of Underwood St. between Dan Patch & Carnes avenues,-93.1700734,44.9803924,street_segment,Underwood Street between Dan Patch Avenue and Carnes Avenue,36.4,reject_over_30m,reopen_verified_before_next_publish
6041.1,Bandstand Concessions,withheld,Inside the Grandstand Concert Venue,-93.171914135256,44.982716512152,unparsed,,,unparsed,manual_evidence_required
1932.1,Bayou Bob's Gator Shack,verified,Southeast corner of Dan Patch Ave. & Nelson St.,-93.171734,44.9807911,street_corner,Dan Patch Avenue & Nelson Street,27.8,manual_review_15_to_30m,retain_verified
11830.1,Beans & Beignets,withheld,Northwest corner of Judson Ave. & Clough St.,-93.173685963462,44.978813280576,street_corner,Judson Avenue & Clough Street,26.1,manual_review_15_to_30m,manual_evidence_required
1509.4,The Big Cheese Cheese Curds,withheld,"West side of Liggett St. at Carnes Ave., just south of Mighty Midway",-93.176812700641,44.979124115497,named_place_or_building,Midway Lot,56.6,reject_over_30m,keep_withheld_priority_review
1783.1,Big Dog Corndogs,withheld,Northeast corner of Randall Ave. & Underwood St.,-93.169663734271,44.98368117601,street_corner,Randall Avenue & Underwood Street,101.2,reject_over_30m,keep_withheld_priority_review
1783.2,Big Dog Corndogs,withheld,West side of Underwood St. between Carnes & Judson avenues,-93.169851372185,44.979507210913,street_segment,Underwood Street between Carnes Avenue and Judson Avenue,54.7,reject_over_30m,keep_withheld_priority_review
1952.1,Big Fat Bacon,verified,South side of Dan Patch Ave. between Nelson & Underwood streets,-93.1708786,44.9809673,street_segment,Dan Patch Avenue between Nelson Street and Underwood Street,14.7,consistent_with_written_location,retain_verified
1968.1,The Blue Barn,verified,"At West End Market, south of History & Heritage Center",-93.1760875,44.9811063,named_place_or_building,History & Heritage Center,21.6,manual_review_15_to_30m,retain_verified
212.1,Blue Moon Dine-In Theater,verified,Northeast corner of Carnes Ave. & Chambers St.,-93.1740994,44.9800146,street_corner,Carnes Avenue & Chambers Street,24.8,manual_review_15_to_30m,retain_verified
1974.1,The Blue Ox Burger Bar,withheld,Southeast corner of Judson Ave. & Clough St.,-93.172088763462,44.978105607253,street_corner,Judson Avenue & Clough Street,129.3,reject_over_30m,keep_withheld_priority_review
1509.3,Bratwurst,withheld,Northwest corner of Carnes Ave. & Nelson St.,-93.1722972,44.9800237,street_corner,Carnes Avenue & Nelson Street,22.1,manual_review_15_to_30m,manual_evidence_required
5733.5,Bridge N' Barrel Root Beer,withheld,Northwest corner of Randall & Underwood streets,-93.171398589771,44.983942720834,street_corner,Randall Avenue & Underwood Street,87.3,reject_over_30m,keep_withheld_priority_review
5733.3,Bridge N' Barrel Root Beer,withheld,Northwest corner of Wright Ave. & Cooper St.,-93.168141730769,44.982909562123,street_corner,Wright Avenue & Cooper Street,86.1,reject_over_30m,keep_withheld_priority_review
5733.2,Bridge N' Barrel Root Beer,withheld,Northwest corner of Carnes Ave. & Underwood St.,-93.1706802,44.9799609,street_corner,Carnes Avenue & Underwood Street,13.2,consistent_with_written_location,manual_evidence_required
5733.4,Bridge N' Barrel Root Beer,withheld,Northwest corner of Judson Ave. & Underwood St.,-93.169963108974,44.978246295807,street_corner,Judson Avenue & Underwood Street,58.6,reject_over_30m,keep_withheld_priority_review
5733.6,Bridge N' Barrel Root Beer,withheld,Northeast corner of Dan Patch Ave & Cosgrove St.,-93.169590286555,44.982020565743,street_corner,Dan Patch Avenue & Cosgrove Street,154.1,reject_over_30m,keep_withheld_priority_review
5733.1,Bridge N' Barrel Root Beer,withheld,North side of Dan Patch Ave. between Nelson & Underwood streets,-93.171136,44.9814214,street_segment,Dan Patch Avenue between Nelson Street and Underwood Street,37.5,reject_over_30m,keep_withheld_priority_review
1996.1,Bridgeman's Ice Cream,withheld,Northeast corner of Judson Ave. & Liggett St.,-93.174268923397,44.977853141634,street_corner,Judson Avenue & Liggett Street,116.8,reject_over_30m,keep_withheld_priority_review
2005.1,Buni's,withheld,Northwest corner of Judson Ave. & Liggett St.,-93.176384548397,44.978368700251,street_corner,Judson Avenue & Liggett Street,84.0,reject_over_30m,keep_withheld_priority_review
227.1,Butcher Boys,withheld,North side of Dan Patch Ave. between Nelson & Underwood streets,-93.170865162821,44.980902605354,street_segment,Dan Patch Avenue between Nelson Street and Underwood Street,22.0,manual_review_15_to_30m,manual_evidence_required
10014.1,Butcher Boys,withheld,West side of Liggett St. between Carnes & West Dan Patch avenues,-93.175614425979,44.980217873197,street_segment,Liggett Street between Carnes Avenue and West Dan Patch Avenue,19.0,manual_review_15_to_30m,manual_evidence_required
2021.1,Cafe Caribe,verified,South side of Carnes Ave. between Chambers & Clough streets,-93.1738652,44.9797356,street_segment,Carnes Avenue between Chambers Street and Clough Street,15.6,manual_review_15_to_30m,retain_verified
2029.1,Candy Factory,withheld,Northeast corner of Murphy Ave. & Cooper St.,-93.170306136538,44.987831515847,street_corner,Murphy Avenue & Cooper Street,120.9,reject_over_30m,keep_withheld_priority_review
2031.1,Caramel Apple Sundae,withheld,"Between Chambers & Nelson streets, just south of the Grandstand",-93.172400400641,44.980110476679,street_corridor,Chambers Street,152.7,reject_over_30m,keep_withheld_priority_review
1887.1,"Caramel Apples, Cotton Candy, Sno Kones",withheld,South side of Randall Ave. between Underwood & Cooper streets,-93.170136053846,44.984202172662,street_segment,Randall Avenue between Underwood Street and Cooper Street,19.9,manual_review_15_to_30m,manual_evidence_required
2037.1,Caribbean Smoothees,withheld,West side of Liggett St. between Carnes & Judson avenues,-93.176388092182,44.980162381258,street_segment,Liggett Street between Carnes Avenue and Judson Avenue,86.0,reject_over_30m,keep_withheld_priority_review
12335.1,Carl's Gizmo,verified,South side of Dan Patch Ave. between Underwood & Cooper streets,-93.1692506,44.9813316,street_segment,Dan Patch Avenue between Underwood Street and Cooper Street,23.9,manual_review_15_to_30m,retain_verified
7099.1,Carousel BBQ,verified,West side of Chambers St. between West Dan Patch & Carnes avenues,-93.1749722,44.9806423,street_segment,Chambers Street between West Dan Patch Avenue and Carnes Avenue,39.8,reject_over_30m,reopen_verified_before_next_publish
2065.1,Chan's Chicken On A Stick,withheld,South side of Judson Ave. between Nelson & Underwood streets,-93.172807362179,44.979175037267,street_segment,Judson Avenue between Nelson Street and Underwood Street,82.8,reject_over_30m,keep_withheld_priority_review
9238.1,Chan's Eatery,withheld,East side of Underwood St. between Murphy & Lee avenues,-93.16901814359,44.986844015281,street_segment,Underwood Street between Murphy Avenue and Lee Avenue,112.7,reject_over_30m,keep_withheld_priority_review
2067.1,Charcoal Hut,verified,"East side of Judson Ave. between Underwood & Cooper streets, next to the International Bazaar",-93.1690625,44.9785625,street_segment,Judson Avenue between Underwood Street and Cooper Street,68.1,reject_over_30m,reopen_verified_before_next_publish
2075.1,Chicago Dogs,withheld,"In The Garden, east wall",-93.168612794231,44.981597695379,named_place_or_building,Treasure Island | The Garden,149.9,reject_over_30m,keep_withheld_priority_review
11505.1,Chocolate Strawberry Cup,missing,Southwest corner of Dan Patch Ave. & Cooper St.,,,none,No coordinate candidate,,unparsed,no_coordinate_candidate
2084.1,CinnieSmiths,verified,South side of Murphy Ave. between Underwood & Cooper streets,-93.1693875,44.9871474,street_segment,Murphy Avenue between Underwood Street and Cooper Street,5.7,consistent_with_written_location,retain_verified
216.1,Coasters,verified,Southeast corner of Carnes Ave. & Liggett St.,-93.1750531,44.9797389,street_corner,Carnes Avenue & Liggett Street,29.3,manual_review_15_to_30m,retain_verified
2112.1,Corn Roast,verified,Southeast corner of Dan Patch Ave. & Nelson St.,-93.1716163,44.9808717,street_corner,Dan Patch Avenue & Nelson Street,20.7,manual_review_15_to_30m,retain_verified
3505.1,Cotton Candy 7 Different Flavors,withheld,Southeast corner of Dan Patch Ave. & Underwood St.,-93.169209994231,44.98036970186,street_corner,Dan Patch Avenue & Underwood Street,133.3,reject_over_30m,keep_withheld_priority_review
2142.1,Cream Puffs,verified,Southwest corner of West Dan Patch Ave. & Liggett St.,-93.1760149,44.9805332,street_corner,West Dan Patch Avenue & Liggett Street,55.1,reject_over_30m,reopen_verified_before_next_publish
2069.2,Crutchees Cheese on a Stick,withheld,southeast corner of West Dan Patch Ave. & Liggett St.,-93.175980161316,44.981387688534,street_corner,West Dan Patch Avenue & Liggett Street,88.9,reject_over_30m,keep_withheld_priority_review
2069.1,Crutchees Cheese on a Stick,missing,Northeast corner of Judson Ave. & Nelson St.,,,none,No coordinate candidate,,unparsed,no_coordinate_candidate
244.1,The Dairy Bar,withheld,"In the Food Building, south wall",-93.1699973,44.9801218,named_place_or_building,Food Building,0.0,consistent_with_written_location,manual_evidence_required
2770.2,Dairy Goodness,withheld,"In the Dairy Building, south wall",-93.17219856859,44.978501593112,named_place_or_building,Dairy Building,76.0,reject_over_30m,keep_withheld_priority_review
3745.1,Danielson's & Daughters Onion Rings,missing,"Between Underwood & Cooper streets, outside south side of the Food Building",,,none,No coordinate candidate,,unparsed,no_coordinate_candidate
2182.1,Daryl's Dog House,withheld,South side of Carnes Ave. between Nelson & Underwood streets,-93.171560717949,44.980462900382,street_segment,Carnes Avenue between Nelson Street and Underwood Street,64.0,reject_over_30m,keep_withheld_priority_review
3340.2,Deep Fried Batter Dipped Twinkies & Buckeyes,missing,East side of Cooper St. outside the Merch Market,,,none,No coordinate candidate,,unparsed,no_coordinate_candidate
2192.1,Deep Fried Candy Bars,withheld,North side of Carnes Ave. between Nelson & Underwood streets,-93.172484179487,44.980938483764,street_segment,Carnes Avenue between Nelson Street and Underwood Street,121.0,reject_over_30m,keep_withheld_priority_review
2198.1,Demetri's Fine Greek Foods,withheld,East side of Nelson St. between Dan Patch & Carnes avenues,-93.173247925962,44.981598484538,street_segment,Nelson Street between Dan Patch Avenue and Carnes Avenue,123.2,reject_over_30m,keep_withheld_priority_review
1457.1,Dino's Gyros,verified,North side of Carnes Ave. between Nelson & Underwood streets,-93.1710869,44.980113,street_segment,Carnes Avenue between Nelson Street and Underwood Street,24.8,manual_review_15_to_30m,retain_verified
2208.1,Dippin' Dots,withheld,South side of Carnes Ave. between Nelson & Underwood streets,-93.170275034615,44.980444590965,street_segment,Carnes Avenue between Nelson Street and Underwood Street,65.0,reject_over_30m,keep_withheld_priority_review
12663.1,dodopop,verified,Northeast corner of Dan Patch Ave. & Cooper St.,-93.1689113,44.981417,street_corner,Dan Patch Avenue & Cooper Street,38.7,reject_over_30m,reopen_verified_before_next_publish
225.1,Donna's Bar-B-Q,verified,Southwest corner of Judson Ave. & Liggett St.,-93.1755381,44.9784136,street_corner,Judson Avenue & Liggett Street,22.5,manual_review_15_to_30m,retain_verified
3448.1,The Donut Family,withheld,At Mighty Midway,-93.177945042308,44.980583198522,named_place_or_building,Midway Lot,37.2,reject_over_30m,keep_withheld_priority_review
265.1,Duke's Poutine,withheld,North side of Judson Ave. between Clough & Nelson streets,-93.173338053846,44.978715784173,street_segment,Judson Avenue between Clough Street and Nelson Street,14.0,consistent_with_written_location,manual_evidence_required
10312.2,El Burrito Mercado,withheld,"At the International Bazaar, south wall",-93.170365644872,44.978780620001,named_place_or_building,International Bazaar,110.7,reject_over_30m,keep_withheld_priority_review
226.1,El Sol Mexican Foods,withheld,"East side of Underwood St. between Dan Patch & Carnes avenues, outside southwest corner of the Food Building",-93.170978671795,44.981205840041,street_corner,Underwood Street & Dan Patch Avenue,36.7,reject_over_30m,keep_withheld_priority_review
3280.1,Elm's Shaved Ice,missing,Southwest corner of Judson Ave. & Liggett St.,,,none,No coordinate candidate,,unparsed,no_coordinate_candidate
2279.1,Falafel King,withheld,"In the Food Building, south wall",-93.168558812196,44.979665484248,named_place_or_building,Food Building,79.8,reject_over_30m,keep_withheld_priority_review
2305.1,Fish & Chips Seafood Shoppe,withheld,"In the Food Building, northwest section",-93.169042549749,44.979517023891,named_place_or_building,Food Building,66.4,reject_over_30m,keep_withheld_priority_review
228.1,Flowering Onions,withheld,South side of Judson Ave. between Nelson & Underwood streets,-93.171675476923,44.978488860759,street_segment,Judson Avenue between Nelson Street and Underwood Street,10.7,consistent_with_written_location,manual_evidence_required
4752.1,Fluffy's Hand Cut Donuts,verified,On the northwest corner of Carnes Ave. & Chambers St.,-93.1747099,44.9800099,street_corner,Carnes Avenue & Chambers Street,32.7,reject_over_30m,reopen_verified_before_next_publish
2332.1,French Crêperie,withheld,North side of Carnes Ave. between Nelson & Underwood streets,-93.172062521795,44.979134014141,street_segment,Carnes Avenue between Nelson Street and Underwood Street,83.6,reject_over_30m,keep_withheld_priority_review
2336.1,French Meadow Bakery & Cafe,verified,North side of Carnes Ave. between Nelson & Underwood streets,-93.1712263,44.9801274,street_segment,Carnes Avenue between Nelson Street and Underwood Street,26.5,manual_review_15_to_30m,retain_verified
2340.1,Fresh French Fries,missing,At Mighty Midway,,,none,No coordinate candidate,,unparsed,no_coordinate_candidate
2340.2,Fresh French Fries,withheld,North side of Judson Ave. between Nelson & Underwood streets,-93.1721257136,44.978316157072,street_segment,Judson Avenue between Nelson Street and Underwood Street,30.7,reject_over_30m,keep_withheld_priority_review
2387.1,Fresh Lemonade - Cheese on a Stick,withheld,West side of Nelson St. between Dan Patch & Carnes avenues,-93.171036968339,44.981654793306,street_segment,Nelson Street between Dan Patch Avenue and Carnes Avenue,83.4,reject_over_30m,keep_withheld_priority_review
217.1,Fresh Made Nut Rolls,withheld,Northeast corner of Dan Patch Ave. & Underwood St.,-93.170194551923,44.98128171223,street_corner,Dan Patch Avenue & Underwood Street,31.4,reject_over_30m,keep_withheld_priority_review
244.2,"Fresh Squeezed Lemonade, Fruit Smoothies, Fresh Squeezed Orange Treet & Strawberry Treet",withheld,"Outside the Food Building, southwest side",-93.1700195,44.9799882,named_place_or_building,Food Building,7.3,consistent_with_written_location,manual_evidence_required
2342.1,Fried Olives On A Stick,withheld,West of Nelson St. just south of the Grandstand,-93.172095979487,44.979873904664,street_corridor,Nelson Street,0.1,consistent_with_written_location,manual_evidence_required
2348.1,The Frontier,verified,South side of Carnes Ave. between Liggett & Chambers streets,-93.1747221,44.9797269,street_segment,Carnes Avenue between Liggett Street and Chambers Street,16.0,manual_review_15_to_30m,retain_verified
2359.1,Funnel Cakes,withheld,"In the Food Building, east wall",-93.168488389744,44.979733291983,named_place_or_building,Food Building,80.8,reject_over_30m,keep_withheld_priority_review
2247.1,Funnel Cakes,withheld,North side of Dan Patch Ave. between Nelson & Underwood streets,-93.170131707943,44.982191270589,street_segment,Dan Patch Avenue between Nelson Street and Underwood Street,122.6,reject_over_30m,keep_withheld_priority_review
2029.2,Funnel Cakes,withheld,"South side of Judson Ave. between Nelson & Underwood streets, at Adventure Park",-93.170823261538,44.979241160023,street_segment,Judson Avenue between Nelson Street and Underwood Street,74.4,reject_over_30m,keep_withheld_priority_review
2196.1,Galaxy of Drinks,withheld,"West side of Liggett St., just south of Mighty Midway",-93.174524839665,44.978939895317,named_place_or_building,Midway Lot,121.4,reject_over_30m,keep_withheld_priority_review
2375.1,Gass Station Grill,withheld,"West side of Cooper St. between Dan Patch & Judson avenues, outside southeast corner of the Food Building",-93.169415603846,44.980195956835,street_corner,Cooper Street & Dan Patch Avenue,104.3,reject_over_30m,keep_withheld_priority_review
3255.1,German Root Beer and Popcorn,withheld,East of Chambers St. just south of the Grandstand,-93.173291870833,44.980101155612,street_corridor,Chambers Street,82.5,reject_over_30m,keep_withheld_priority_review
10093.1,Giggles' Campfire Grill,verified,Southeast corner of Lee Ave. & Cooper St. at The North Woods,-93.1688586,44.9856224,street_corner,Lee Avenue & Cooper Street,28.0,manual_review_15_to_30m,retain_verified
2527.1,Goertzes Dairy Kone,withheld,"East side of Cooper St., next to the Merch Market",-93.168420029808,44.979751637691,named_place_or_building,Merchandise Mart,90.1,reject_over_30m,keep_withheld_priority_review
10990.1,Gopher Dairy Bar,withheld,South side of Judson Ave. between Stevens & Liggett streets,-93.175169678205,44.977633622529,street_segment,Judson Avenue between Stevens Street and Liggett Street,105.0,reject_over_30m,keep_withheld_priority_review
2415.1,Grandstand Mini Donuts,withheld,"East of Chambers St., just south of the Grandstand",-93.173735225,44.980887294964,street_corridor,Chambers Street,55.1,reject_over_30m,keep_withheld_priority_review
11704.1,Granny's Apples + Lemonade,withheld,"In the Food Building, west wall",-93.171167395513,44.979968400415,named_place_or_building,Food Building,61.5,reject_over_30m,keep_withheld_priority_review
2417.1,Granny's Cheesecake & More,withheld,North side of Dan Patch Ave. between Nelson & Underwood streets,-93.169810417308,44.980736302936,street_segment,Dan Patch Avenue between Nelson Street and Underwood Street,70.9,reject_over_30m,keep_withheld_priority_review
10347.1,Greater Tater,verified,"West side of Liggett St. between Carnes & Judson avenues, outside the Horse Barn",-93.1756477,44.9792492,street_segment,Liggett Street between Carnes Avenue and Judson Avenue,22.1,manual_review_15_to_30m,retain_verified
2437.1,Green Mill,verified,"East side of Cooper St. between Randall & Wright avenues, at Family Fair at Baldwin Park",-93.1688826,44.9841057,street_segment,Cooper Street between Randall Avenue and Wright Avenue,18.0,manual_review_15_to_30m,retain_verified
2447.1,Gyros by G&G Concessions,withheld,Northeast corner of Lee Ave. & Underwood St.,-93.16934945641,44.986705875559,street_corner,Lee Avenue & Underwood Street,130.6,reject_over_30m,keep_withheld_priority_review
3684.1,Hamline Church Dining Hall,verified,North side of Dan Patch Ave. between Underwood & Cooper streets,-93.1698412,44.9814379,street_segment,Dan Patch Avenue between Underwood Street and Cooper Street,35.3,reject_over_30m,reopen_verified_before_next_publish
3450.1,The Hangar,verified,"On the northeast corner of Underwood St. and Murphy Ave., at the North End",-93.1702407,44.9873662,street_corner,Underwood Street & Murphy Avenue,24.4,manual_review_15_to_30m,retain_verified
2477.1,Hawaiian Shaved Ice,withheld,North side of Dan Patch Ave. between Underwood & Cooper streets,-93.170864417949,44.980941050291,street_segment,Dan Patch Avenue between Underwood Street and Cooper Street,33.5,reject_over_30m,keep_withheld_priority_review
2493.1,Henry's Kettle Korn,withheld,"East side of Cooper St. between Lee & Randall avenues, at The North Woods",-93.167965033974,44.984756687925,street_segment,Cooper Street between Lee Avenue and Randall Avenue,89.1,reject_over_30m,keep_withheld_priority_review
5836.1,The Herbivorous Butcher,withheld,"In the Food Building, west section, south wall",-93.169103148718,44.979506986195,named_place_or_building,Food Building,65.4,reject_over_30m,keep_withheld_priority_review
3790.1,The Hideaway Speakeasy,verified,"In the Grandstand, upper level, west section",-93.1738435,44.9812464,unparsed,,,unparsed,retain_verified
3689.1,Holy Land,withheld,"At the International Bazaar, southeast corner",-93.169975545513,44.977496471968,named_place_or_building,International Bazaar,65.1,reject_over_30m,keep_withheld_priority_review
2196.2,Ice Cold Root Beer,withheld,East side of Nelson St. between Carnes & Judson avenues,-93.171267228127,44.978270592019,street_segment,Nelson Street between Carnes Avenue and Judson Avenue,78.2,reject_over_30m,keep_withheld_priority_review
13242.1,Iemochi Japanese Confections,withheld,"At the International Bazaar, south wall",-93.167999911538,44.977307,named_place_or_building,International Bazaar,81.9,reject_over_30m,keep_withheld_priority_review
2569.1,iPierogi,withheld,"In the Food Building, south wall",-93.169815853846,44.980213683453,named_place_or_building,Food Building,0.0,consistent_with_written_location,manual_evidence_required
2561.1,Isabel Burke's Taffy,missing,"Between Underwood & Cooper streets, outside south side of the Food Building",,,none,No coordinate candidate,,unparsed,no_coordinate_candidate
2565.1,Italian Junction,verified,South side of Dan Patch Ave. between Nelson & Underwood streets,-93.1714778,44.9809592,street_segment,Dan Patch Avenue between Nelson Street and Underwood Street,11.0,consistent_with_written_location,retain_verified
2582.1,Java Jive,verified,South side of West Dan Patch Ave. between Liggett & Chambers streets,-93.1750625,44.9806875,street_segment,West Dan Patch Avenue between Liggett Street and Chambers Street,5.5,consistent_with_written_location,retain_verified
239.1,The Jerky Shoppe,withheld,"In the Grandstand, lower level, west wall, row 10",-93.174590014103,44.981971783556,unparsed,,,unparsed,manual_evidence_required
7741.1,Jive Turkey BBQ,verified,North side of Lee Ave. between Underwood & Cooper streets,-93.1701194,44.9867755,street_segment,Lee Avenue between Underwood Street and Cooper Street,105.4,reject_over_30m,reopen_verified_before_next_publish
4847.1,JJ Vescio's,verified,"East of Chambers St., just south of the Grandstand",-93.1738345,44.9807007,street_corridor,Chambers Street,41.3,reject_over_30m,reopen_verified_before_next_publish
3695.1,JonnyPops,withheld,"At West End Market, center section",-93.176282873718,44.981753212453,unparsed,,,unparsed,manual_evidence_required
2604.1,Juanita's Fajitas,withheld,"West of Nelson St., just south of the Grandstand",-93.17403971859,44.980561950742,street_corridor,Nelson Street,147.9,reject_over_30m,keep_withheld_priority_review
2122.1,Kathie's Cotton Candy,withheld,West side of Liggett St. between Carnes & Judson avenues,-93.17644756859,44.979856055091,street_segment,Liggett Street between Carnes Avenue and Judson Avenue,84.1,reject_over_30m,keep_withheld_priority_review
2122.2,Kathie's Cotton Candy,withheld,"West of Nelson St., just south of the Grandstand",-93.172717473718,44.981754491023,street_corridor,Nelson Street,96.8,reject_over_30m,keep_withheld_priority_review
2122.3,Kathie's Cotton Candy,withheld,West side of Liggett St. between West Dan Patch & Carnes avenues,-93.175379328846,44.98039981295,street_segment,Liggett Street between West Dan Patch Avenue and Carnes Avenue,0.8,consistent_with_written_location,manual_evidence_required
2607.1,Katie's Famous Sweet Tea,withheld,At Mighty Midway,-93.177235873077,44.980200388489,named_place_or_building,Midway Lot,6.1,consistent_with_written_location,manual_evidence_required
3986.1,Key Lime Pie Bar,withheld,"West side of Cooper St., just north of the Agriculture Horticulture Building",-93.168567477564,44.980970670944,named_place_or_building,Agriculture Horticulture Building,170.3,reject_over_30m,keep_withheld_priority_review
11408.1,Kiwanis Malts,withheld,East side of Cosgrove St. between the Fine Arts Center & 4-H Building,-93.168753580128,44.983132662519,named_place_or_building,Fine Arts Center,113.0,reject_over_30m,keep_withheld_priority_review
3699.1,Kora & Mila's Cookie Dough,withheld,South side of Dan Patch Ave. between Cooper & Cosgrove streets,-93.168000873718,44.981982605872,street_segment,Dan Patch Avenue between Cooper Street and Cosgrove Street,95.4,reject_over_30m,keep_withheld_priority_review
10432.1,Kosharina Egyptian Cuisine,withheld,Located south of the Grandstand Building under the Grandstand Ramp,-93.173359,44.980671,street_corridor,Grandstand Ramp,1.1,consistent_with_written_location,manual_evidence_required
2120.2,L & B Cotton Candy,withheld,Northwest corner of Dan Patch Ave. & Underwood St.,-93.171891790385,44.980366205068,street_corner,Dan Patch Avenue & Underwood Street,136.6,reject_over_30m,keep_withheld_priority_review
2120.3,L & B Cotton Candy,missing,Southwest corner of Carnes Ave. & Nelson St.,,,none,No coordinate candidate,,unparsed,no_coordinate_candidate
2120.1,L & B Cotton Candy,withheld,South side of Judson Ave. between Nelson & Underwood streets,-93.171020259615,44.979530674574,street_segment,Judson Avenue between Nelson Street and Underwood Street,106.2,reject_over_30m,keep_withheld_priority_review
241.1,Leimon's Pizzeria,withheld,At Mighty Midway,-93.175851257692,44.979704892994,named_place_or_building,Midway Lot,7.6,consistent_with_written_location,manual_evidence_required
5171.1,Libby's Ice Cream & Co.,withheld,"Located south of the Grandstand Building, under the Grandstand Ramp",-93.174187344299,44.981594712132,street_corridor,Grandstand Ramp,83.9,reject_over_30m,keep_withheld_priority_review
2681.1,Libby's Soft Serve 16 Flavors,withheld,East side of Cosgrove St. outside the Education Building,-93.167894653846,44.982555949367,named_place_or_building,Education Building,10.4,consistent_with_written_location,manual_evidence_required
3477.1,Licorice Ropes,withheld,"In the Grandstand, lower level, east section",-93.172642234615,44.981200253165,unparsed,,,unparsed,manual_evidence_required
3386.2,Loon Lake Iced Tea,withheld,West side of Underwood St. between Wright & Dan Patch avenues,-93.171913342308,44.983514440728,street_segment,Underwood Street between Wright Avenue and Dan Patch Avenue,115.7,reject_over_30m,keep_withheld_priority_review
2708.1,Luigi Fries,withheld,Northeast corner of Carnes Ave. & Nelson St.,-93.17245278335,44.980102213089,street_corner,Carnes Avenue & Nelson Street,37.1,reject_over_30m,keep_withheld_priority_review
1416.1,LuLu's Public House,verified,"At West End Market, south of Schilling Amphitheater",-93.1776071,44.9812286,named_place_or_building,Schilling Amphitheater,29.2,manual_review_15_to_30m,retain_verified
9067.1,Lumpia City,withheld,West side of Liggett St. between Carnes & Judson avenues,-93.174125542455,44.979857085169,street_segment,Liggett Street between Carnes Avenue and Judson Avenue,98.5,reject_over_30m,keep_withheld_priority_review
2710.1,The Lunch Box,verified,"East side of Cooper St. between Wright & Dan Patch avenues, south of the Home Improvement Building",-93.1689096,44.9816333,street_segment,Cooper Street between Wright Avenue and Dan Patch Avenue,19.0,manual_review_15_to_30m,retain_verified
2673.1,Luther Auto Pit Stop,withheld,"East side of Cooper St. between Dan Patch and Judson avenues, just south of the Bandshell",-93.169006117308,44.979987669065,street_segment,Cooper Street between Dan Patch Avenue and Judson Avenue,1.9,consistent_with_written_location,manual_evidence_required
2719.1,Lynn's Lefse,withheld,"In the Food Building, south wall",-93.168827331879,44.97908187514,named_place_or_building,Food Building,117.4,reject_over_30m,keep_withheld_priority_review
2727.1,Mac's Grille,withheld,"In the Food Building, south wall",-93.169814006238,44.980146708644,named_place_or_building,Food Building,0.0,consistent_with_written_location,manual_evidence_required
10914.1,Magdalena's Chimney Cakes,withheld,North side of Judson Ave. between Clough & Nelson streets,-93.174369229575,44.979692495783,street_segment,Judson Avenue between Clough Street and Nelson Street,137.3,reject_over_30m,keep_withheld_priority_review
198.1,Mancini's al Fresco,verified,North side of Carnes Ave. between Nelson & Underwood streets,-93.1716697,44.9801006,street_segment,Carnes Avenue between Nelson Street and Underwood Street,23.7,manual_review_15_to_30m,retain_verified
2737.1,Manny's Tortas,withheld,"In the Food Building, northeast section",-93.17093205641,44.979793268332,named_place_or_building,Food Building,52.1,reject_over_30m,keep_withheld_priority_review
2743.1,Mario's,withheld,"In the Food Building, northwest section",-93.168750476282,44.980849972001,named_place_or_building,Food Building,51.3,reject_over_30m,keep_withheld_priority_review
2758.1,Mexican Hat,verified,"East of Chambers St., just south of the Grandstand",-93.1740205,44.9806661,street_corridor,Chambers Street,26.3,manual_review_15_to_30m,retain_verified
2764.2,Midtown Global Market's El Taco Torro,withheld,"In the Taste of the Midtown Global Market booth at the International Bazaar, east wall",-93.169702040007,44.979363825076,named_place_or_building,International Bazaar,118.4,reject_over_30m,keep_withheld_priority_review
2764.1,Midtown Global Market's Irie Jamaican Express,withheld,"In the Taste of the Midtown Global Market booth at the International Bazaar, east wall",-93.169753322058,44.979219680932,named_place_or_building,International Bazaar,106.8,reject_over_30m,keep_withheld_priority_review
10877.1,Midway Mens Club,verified,"East side of Underwood St. between Wright & Dan Patch avenues, next to Visitors Plaza",-93.1702901,44.981689,street_segment,Underwood Street between Wright Avenue and Dan Patch Avenue,17.8,manual_review_15_to_30m,retain_verified
154.1,Mike's Hamburgers,verified,Northeast corner of Carnes Ave. & Nelson St.,-93.171927,44.9800383,street_corner,Carnes Avenue & Nelson Street,21.5,manual_review_15_to_30m,retain_verified
2776.1,Miller's Flavored Cheese Curds,verified,"East side of Nelson St. between Dan Patch & Carnes avenues, next to the Giant Slide",-93.1719291,44.9801338,street_segment,Nelson Street between Dan Patch Avenue and Carnes Avenue,8.6,consistent_with_written_location,retain_verified
2780.1,Mini Melts/Wonder Bar,withheld,"East side of Cooper St. between Randall & Wright avenues, at Family Fair at Baldwin Park",-93.169058457692,44.98373886076,street_segment,Cooper Street between Randall Avenue and Wright Avenue,4.7,consistent_with_written_location,manual_evidence_required
1548.1,Minneapple Pie,verified,South side of Judson Ave. between Nelson & Underwood streets,-93.1716182,44.9787774,street_segment,Judson Avenue between Nelson Street and Underwood Street,21.5,manual_review_15_to_30m,retain_verified
3718.1,Minnekabob,withheld,South side of Dan Patch Ave. between Underwood & Cooper streets,-93.169270224359,44.982066807311,street_segment,Dan Patch Avenue between Underwood Street and Cooper Street,105.6,reject_over_30m,keep_withheld_priority_review
2784.1,Minnesnowii Shave Ice,withheld,West side of Nelson St. between Dan Patch & Carnes avenues,-93.172362059615,44.980554920863,street_segment,Nelson Street between Dan Patch Avenue and Carnes Avenue,32.2,reject_over_30m,keep_withheld_priority_review
2838.1,Minnesota Apples,withheld,"In the Agriculture Horticulture Building, south side",-93.169707068199,44.979031908512,named_place_or_building,Agriculture Horticulture Building,0.0,consistent_with_written_location,manual_evidence_required
2649.1,Minnesota Craft Brewers Guild,withheld,"In the Agriculture Horticulture Building, west side",-93.169644785256,44.980053087692,named_place_or_building,Agriculture Horticulture Building,44.6,reject_over_30m,keep_withheld_priority_review
2878.1,Minnesota Farmers Union Coffee Shop,verified,North side of Dan Patch Ave. between Cooper & Cosgrove streets,-93.1685723,44.9814844,street_segment,Dan Patch Avenue between Cooper Street and Cosgrove Street,40.3,reject_over_30m,reopen_verified_before_next_publish
2886.1,Minnesota Honey Producers Association,withheld,"In the Agriculture Horticulture Building, north side",-93.169711173077,44.979655294964,named_place_or_building,Agriculture Horticulture Building,0.3,consistent_with_written_location,manual_evidence_required
4072.1,Minnesota Wine Country,verified,West side of Underwood St. between Carnes & Judson avenues,-93.1708926,44.9793878,street_segment,Underwood Street between Carnes Avenue and Judson Avenue,27.2,manual_review_15_to_30m,retain_verified
11206.1,Minnesota's Original Apple Fries,withheld,North side of Dan Patch Ave. between Underwood & Cooper streets,-93.170514728205,44.98092835215,street_segment,Dan Patch Avenue between Underwood Street and Cooper Street,21.8,manual_review_15_to_30m,manual_evidence_required
3645.1,The Mouth Trap Cheese Curds,withheld,In the Food Building,-93.1699704,44.9802432,named_place_or_building,Food Building,0.0,consistent_with_written_location,manual_evidence_required
4057.1,Mr. E's Drink Time,withheld,"In the Food Building, south wall",-93.171263940401,44.98115639984,named_place_or_building,Food Building,72.2,reject_over_30m,keep_withheld_priority_review
5827.1,Nautical Bowls,withheld,"In the Food Building, center section, north wall",-93.170665495513,44.980883033379,named_place_or_building,Food Building,21.4,manual_review_15_to_30m,manual_evidence_required
2941.1,Netterfield's Food Court,withheld,East side of Cooper St. between Wright & Dan Patch avenues,-93.170473308333,44.981079118673,street_segment,Cooper Street between Wright Avenue and Dan Patch Avenue,103.4,reject_over_30m,keep_withheld_priority_review
2941.2,Netterfield's Popcorn Stand,withheld,West side of Cooper St. between Dan Patch & Judson avenues,-93.169301686538,44.980337769784,street_segment,Cooper Street between Dan Patch Avenue and Judson Avenue,20.7,manual_review_15_to_30m,manual_evidence_required
2953.1,Nitro Ice Cream,withheld,"In the Food Building, northeast corner",-93.168161214103,44.981420077127,named_place_or_building,Food Building,111.2,reject_over_30m,keep_withheld_priority_review
256.1,O'Gara's at the Fair,verified,Southwest corner of Dan Patch Ave. & Cosgrove St.,-93.1684059,44.9809198,street_corner,Dan Patch Avenue & Cosgrove Street,33.7,reject_over_30m,reopen_verified_before_next_publish
2987.1,Ole and Lena's,withheld,West side of Liggett St. between Carnes & Judson avenues,-93.176937875,44.980470828829,street_segment,Liggett Street between Carnes Avenue and Judson Avenue,139.8,reject_over_30m,keep_withheld_priority_review
3759.2,Ollie's Crab Fritters,withheld,On the east side of Underwood St. between Murphy and Lee avenues,-93.1705577,44.9838769,street_segment,Underwood Street between Murphy Avenue and Lee Avenue,217.2,reject_over_30m,keep_withheld_priority_review
2991.1,Oodles of Noodles,withheld,"In the Food Building, east wall",-93.168417624359,44.981174004926,named_place_or_building,Food Building,81.5,reject_over_30m,keep_withheld_priority_review
3008.1,Oven Fresh Brownies,missing,Southwest corner of Dan Patch Ave. & Cooper St.,,,none,No coordinate candidate,,unparsed,no_coordinate_candidate
6268.1,Paella Depot,withheld,South side of Judson Ave. between Clough & Nelson streets,-93.173123161727,44.977466042152,street_segment,Judson Avenue between Clough Street and Nelson Street,125.1,reject_over_30m,keep_withheld_priority_review
3020.1,Panda Palace,withheld,"At the International Bazaar, northeast corner",-93.167854147436,44.977922785015,named_place_or_building,International Bazaar,47.0,reject_over_30m,keep_withheld_priority_review
3030.1,Patio Grill,withheld,East side of Nelson St. between Carnes & Judson avenues,-93.173235129487,44.979696033755,street_segment,Nelson Street between Carnes Avenue and Judson Avenue,89.0,reject_over_30m,keep_withheld_priority_review
8386.1,Peachey's Baking Company,withheld,"North side of Randall Avenue, east of Cosgrove Street, outside the Progress Center",-93.168254037179,44.985340925919,named_place_or_building,Eco Experience Progress Center,22.8,manual_review_15_to_30m,manual_evidence_required
252.1,The Peg,verified,Outside southeast side of Agriculture Horticulture Building,-93.1693102,44.9790698,named_place_or_building,Agriculture Horticulture Building,0.0,consistent_with_written_location,retain_verified
3089.2,The Perfect Pickle,withheld,West side of Underwood St. at Lee Ave.,-93.171691809615,44.986605695897,street_corridor,Underwood Street,97.5,reject_over_30m,keep_withheld_priority_review
3089.1,The Perfect Pickle,verified,Southwest corner of West Dan Patch Ave. & Liggett St.,-93.1755182,44.9806751,street_corner,West Dan Patch Avenue & Liggett Street,13.0,consistent_with_written_location,retain_verified
246.1,Peters Hot Dogs,withheld,"In the Food Building, west wall",-93.171285353846,44.980748043943,named_place_or_building,Food Building,70.9,reject_over_30m,keep_withheld_priority_review
3052.1,Peters Hot Dogs,withheld,At Kidway,-93.171735587179,44.981903989241,named_place_or_building,Kidway Lot,110.4,reject_over_30m,keep_withheld_priority_review
8924.1,Peterson's Pork Chops,withheld,South side of Judson Ave. between Nelson & Underwood streets,-93.170533705769,44.97883622648,street_segment,Judson Avenue between Nelson Street and Underwood Street,29.9,manual_review_15_to_30m,manual_evidence_required
5910.1,Pickle Barrel Sirloin Tips,missing,Northeast corner of Judson Ave. & Nelson St.,,,none,No coordinate candidate,,unparsed,no_coordinate_candidate
3060.1,Pickle Dog,verified,South side of Carnes Ave. between Liggett & Chambers streets,-93.1750532,44.9797389,street_segment,Carnes Avenue between Liggett Street and Chambers Street,14.5,consistent_with_written_location,retain_verified
3066.1,Pizza Wagon,withheld,"West side of Liggett St., just north of Mighty Midway",-93.175473233654,44.980380313561,named_place_or_building,Midway Lot,14.1,consistent_with_written_location,manual_evidence_required
3077.1,Poncho Dogs,withheld,"South side of Carnes Ave. between Clough & Nelson streets, in front of the DNR Building",-93.171631410577,44.980579265168,street_segment,Carnes Avenue between Clough Street and Nelson Street,85.3,reject_over_30m,keep_withheld_priority_review
3079.2,Poncho Dogs,withheld,South side of Dan Patch Ave. between Cooper & Cosgrove streets,-93.167913463462,44.981518860458,street_segment,Dan Patch Avenue between Cooper Street and Cosgrove Street,45.8,reject_over_30m,keep_withheld_priority_review
3079.3,Poncho Dogs,withheld,Southwest corner of Judson Ave. & Clough St.,-93.175083399359,44.978101568864,street_corner,Judson Avenue & Clough Street,129.9,reject_over_30m,keep_withheld_priority_review
3079.1,Poncho Dogs,withheld,South side of Judson Ave. between Nelson & Underwood streets,-93.172881254487,44.979400116793,street_segment,Judson Avenue between Nelson Street and Underwood Street,106.6,reject_over_30m,keep_withheld_priority_review
3095.1,Pretzel Dogs,withheld,West side of Liggett St. between Carnes & Judson avenues,-93.176421138665,44.978916659608,street_segment,Liggett Street between Carnes Avenue and Judson Avenue,83.3,reject_over_30m,keep_withheld_priority_review
3093.1,The Pretzel Factory,withheld,West side of Nelson St. between Carnes & Judson avenues,-93.170878969231,44.978286593428,street_segment,Nelson Street between Carnes Avenue and Judson Avenue,105.7,reject_over_30m,keep_withheld_priority_review
3101.1,The Produce Exchange,verified,Northwest corner of Carnes Ave. & Underwood St.,-93.170757,44.9800641,street_corner,Carnes Avenue & Underwood Street,25.5,manual_review_15_to_30m,retain_verified
3107.1,Pronto Pups,withheld,West side of Nelson St. between Dan Patch & Carnes avenues,-93.172337428846,44.980368791367,street_segment,Nelson Street between Dan Patch Avenue and Carnes Avenue,27.1,manual_review_15_to_30m,manual_evidence_required
3109.1,Pronto Pups,withheld,"East side of Underwood St. between Wright & Dan Patch avenues, outside Kidway",-93.169612024359,44.982657899418,street_segment,Underwood Street between Wright Avenue and Dan Patch Avenue,69.8,reject_over_30m,keep_withheld_priority_review
3111.1,Pronto Pups,withheld,South side of Dan Patch Ave. between Underwood & Cooper streets,-93.169165639744,44.980400140644,street_segment,Dan Patch Avenue between Underwood Street and Cooper Street,79.7,reject_over_30m,keep_withheld_priority_review
3115.1,Pronto Pups,missing,Southeast corner of Carnes Ave. & Liggett St.,,,none,No coordinate candidate,,unparsed,no_coordinate_candidate
1023.1,Pronto Pups,withheld,West side of Underwood St. between Dan Patch & Carnes avenues,-93.171730824359,44.979595388554,street_segment,Underwood Street between Dan Patch Avenue and Carnes Avenue,99.0,reject_over_30m,keep_withheld_priority_review
5028.1,Pronto Pups,withheld,East side of Cosgrove St. between Randall & Wright avenues,-93.169436747436,44.982996216087,street_segment,Cosgrove Street between Randall Avenue and Wright Avenue,111.3,reject_over_30m,keep_withheld_priority_review
5687.1,Pronto Pups,withheld,North side of Carnes Ave. between Chambers & Nelson streets,-93.172529664103,44.980542087368,street_segment,Carnes Avenue between Chambers Street and Nelson Street,73.3,reject_over_30m,keep_withheld_priority_review
7805.1,Pronto Pups,withheld,Northwest corner of Randall Ave. & Cooper St.,-93.167987884615,44.983609593493,street_corner,Randall Avenue & Cooper Street,122.3,reject_over_30m,keep_withheld_priority_review
1416.2,Pryes Brewing Pavilion,withheld,"At West End Market, south of Schilling Amphitheater",-93.178766901923,44.980929195282,named_place_or_building,Schilling Amphitheater,104.6,reject_over_30m,keep_withheld_priority_review
3127.1,Que Viet Concessions,verified,East side of Cooper St. outside the Merch Market,-93.1688966,44.9807643,named_place_or_building,Merchandise Mart,0.0,consistent_with_written_location,retain_verified
4150.1,Quench’d: Lemonade/Bottled Water,withheld,South side of Dan Patch Ave. between Nelson & Underwood streets,-93.171254906238,44.981083733961,street_segment,Dan Patch Avenue between Nelson Street and Underwood Street,1.1,consistent_with_written_location,manual_evidence_required
3759.1,Quesadilla Junction,withheld,On the east side of Underwood St. between Murphy and Lee avenues,-93.1705577,44.9838769,street_segment,Underwood Street between Murphy Avenue and Lee Avenue,217.2,reject_over_30m,keep_withheld_priority_review
2529.1,R&R Ice Cream,withheld,Southeast corner of Randall Ave. & Underwood St.,-93.170250894958,44.984328917877,street_corner,Randall Avenue & Underwood Street,19.1,manual_review_15_to_30m,manual_evidence_required
3131.1,Ragin Cajun,withheld,"In The Garden, west wall",-93.170698641026,44.979889237085,named_place_or_building,Treasure Island | The Garden,120.0,reject_over_30m,keep_withheld_priority_review
1856.1,RC Cola,withheld,East side of Underwood St. outside Visitors Plaza,-93.171771571154,44.982257403353,named_place_or_building,Visitors Plaza,132.8,reject_over_30m,keep_withheld_priority_review
3217.1,RC's BBQ,verified,North side of West Dan Patch Ave. between Liggett & Chambers streets,-93.1748973,44.9811008,street_segment,West Dan Patch Avenue between Liggett Street and Chambers Street,39.0,reject_over_30m,reopen_verified_before_next_publish
3173.1,Rice Kristie Bars,withheld,North side of Carnes Ave. between Nelson & Underwood streets,-93.170140046154,44.980689031817,street_segment,Carnes Avenue between Nelson Street and Underwood Street,94.2,reject_over_30m,keep_withheld_priority_review
5275.1,Richie's Cheese Curd Tacos,withheld,West side of Chambers St. between West Dan Patch & Carnes avenues,-93.173095059981,44.980933462565,street_segment,Chambers Street between West Dan Patch Avenue and Carnes Avenue,110.6,reject_over_30m,keep_withheld_priority_review
5754.1,Rick's Pizza,verified,West side of Cosgrove St. between Wright & Dan Patch avenues,-93.1682909,44.9814558,street_segment,Cosgrove Street between Wright Avenue and Dan Patch Avenue,15.9,manual_review_15_to_30m,retain_verified
5754.2,Rick's Pizza,withheld,West side of Cooper St. between Murphy & Lee avenues,-93.1694244,44.9867388,street_segment,Cooper Street between Murphy Avenue and Lee Avenue,28.4,manual_review_15_to_30m,manual_evidence_required
5754.3,Funnel Cakes & Elephant Ears,withheld,South side of Randall Ave. between Underwood & Cooper streets,-93.169593,44.9844182,street_segment,Randall Avenue between Underwood Street and Cooper Street,4.6,consistent_with_written_location,manual_evidence_required
11056.1,Roon's Savories,verified,West side of Liggett St. between Carnes & Judson avenues,-93.1752848,44.9781329,street_segment,Liggett Street between Carnes Avenue and Judson Avenue,48.8,reject_over_30m,reopen_verified_before_next_publish
3404.1,Root Beer Hut,verified,North side of Carnes Ave. between Chambers & Nelson streets,-93.1736472,44.9800207,street_segment,Carnes Avenue between Chambers Street and Nelson Street,16.0,manual_review_15_to_30m,retain_verified
792.1,Rooted & Wild by Snack House,withheld,"In the Lee & Rose Warner Coliseum, south side",-93.173614572436,44.978486090997,named_place_or_building,Lee & Rose Warner Coliseum,9.4,consistent_with_written_location,manual_evidence_required
3766.1,Route 66 Roadhouse Chicken,withheld,"In the Food Building, northwest corner",-93.170000584615,44.980345189873,named_place_or_building,Food Building,0.0,consistent_with_written_location,manual_evidence_required
792.2,Sabino's Pizza Pies,withheld,"In the Lee & Rose Warner Coliseum, north side",-93.175331005769,44.978838583576,named_place_or_building,Lee & Rose Warner Coliseum,46.8,reject_over_30m,keep_withheld_priority_review
10369.1,Sadies Classics Frozen Custard,withheld,"West side of Underwood St., just north of Carnes Ave.",-93.169973501012,44.979564451582,street_corridor,Underwood Street,45.0,reject_over_30m,keep_withheld_priority_review
3231.1,Salem Lutheran Church Dining Hall,verified,"North side of Randall Ave., just south of the Progress Center",-93.1678234,44.9845954,named_place_or_building,Eco Experience Progress Center,17.0,manual_review_15_to_30m,retain_verified
3235.1,San Felipe Tacos,withheld,Southwest corner of Dan Patch Ave. & Underwood St.,-93.169450288462,44.98203281107,street_corner,Dan Patch Avenue & Underwood Street,131.8,reject_over_30m,keep_withheld_priority_review
3239.1,The Sandwich Stop,verified,West side of Clough St. between Carnes & Judson avenues,-93.1733813,44.9789745,street_segment,Clough Street between Carnes Avenue and Judson Avenue,15.7,manual_review_15_to_30m,retain_verified
1288.1,Sara's Tipsy Pies,withheld,"In the Food Building, northwest wall",-93.169951323077,44.980479582734,named_place_or_building,Food Building,0.0,consistent_with_written_location,manual_evidence_required
9531.1,Saturday Dumpling Co.,withheld,"In the Food Building, east wall",-93.168427871154,44.979787928835,named_place_or_building,Food Building,82.7,reject_over_30m,keep_withheld_priority_review
3247.1,Sausage by Cynthia,withheld,North side of Judson Ave. between Nelson & Underwood streets,-93.17310056791,44.977866724026,street_segment,Judson Avenue between Nelson Street and Underwood Street,109.9,reject_over_30m,keep_withheld_priority_review
3249.1,Sausage Express,withheld,North side of Dan Patch Ave. between Nelson & Underwood streets,-93.170311162821,44.980465741266,street_segment,Dan Patch Avenue between Nelson Street and Underwood Street,75.2,reject_over_30m,keep_withheld_priority_review
12916.1,Sausage Sister & Me,withheld,"In the Food Building, east wall",-93.169350244868,44.980420343544,named_place_or_building,Food Building,5.6,consistent_with_written_location,manual_evidence_required
3769.1,Scotch Eggs,withheld,West side of Liggett St. between Carnes & Judson avenues,-93.175450142308,44.979513482014,street_segment,Liggett Street between Carnes Avenue and Judson Avenue,6.2,consistent_with_written_location,manual_evidence_required
3276.1,Shanghai Henri's,verified,"At the International Bazaar, north section",-93.1693112,44.9784212,named_place_or_building,International Bazaar,25.0,manual_review_15_to_30m,retain_verified
1573.1,Shrimp Shack,withheld,West side of Underwood St. between Carnes & Judson avenues,-93.17120962726,44.978846993366,street_segment,Underwood Street between Carnes Avenue and Judson Avenue,51.8,reject_over_30m,keep_withheld_priority_review
215.1,Simply Nuts & More,withheld,"In the Lee & Rose Warner Coliseum, east side",-93.1745529,44.9781951,named_place_or_building,Lee & Rose Warner Coliseum,0.0,consistent_with_written_location,manual_evidence_required
2084.2,Smokey's Grill,withheld,South side of Murphy Ave. between Underwood & Cooper streets,-93.1695298,44.9870282,street_segment,Murphy Avenue between Underwood Street and Cooper Street,19.0,manual_review_15_to_30m,manual_evidence_required
5581.1,Smoothies,withheld,East side of Underwood St. between Murphy & Lee avenues,-93.1701963,44.9868911,street_segment,Underwood Street between Murphy Avenue and Lee Avenue,20.1,manual_review_15_to_30m,manual_evidence_required
5052.1,Solem's Cheese Curds,withheld,East side of Underwood St. between Murphy & Lee avenues,-93.1702056,44.9864309,street_segment,Underwood Street between Murphy Avenue and Lee Avenue,19.5,manual_review_15_to_30m,manual_evidence_required
5052.3,Solem's French Fries,withheld,East side of Underwood St. between Murphy & Lee avenues,-93.1702056,44.9864309,street_segment,Underwood Street between Murphy Avenue and Lee Avenue,19.5,manual_review_15_to_30m,manual_evidence_required
5052.2,Solem's Mini Donuts,withheld,East side of Underwood St. between Murphy & Lee avenues,-93.1702056,44.9864309,street_segment,Underwood Street between Murphy Avenue and Lee Avenue,19.5,manual_review_15_to_30m,manual_evidence_required
3332.1,Sonny's Fair Food,withheld,"In the Food Building, northwest section",-93.168608849359,44.98116161706,named_place_or_building,Food Building,66.9,reject_over_30m,keep_withheld_priority_review
5799.1,Soul Bowl,withheld,"In the Food Building, east wall",-93.168502725641,44.979993824746,named_place_or_building,Food Building,70.7,reject_over_30m,keep_withheld_priority_review
3340.1,Spaghetti Eddies,verified,East side of Cooper St. outside the Merch Market,-93.168897,44.9807323,named_place_or_building,Merchandise Mart,0.0,consistent_with_written_location,retain_verified
8073.1,SPAM,withheld,"Located south of the Grandstand Building, under the Grandstand Ramp",-93.17482836994,44.981684802222,street_corridor,Grandstand Ramp,130.6,reject_over_30m,keep_withheld_priority_review
5175.1,Spinning Wylde,withheld,"Located north of Wright Ave. between Cooper & Cosgrove streets, at Family Fair at Baldwin Park",-93.167733014103,44.982688331454,street_segment,Wright Avenue between Cooper Street and Cosgrove Street,66.2,reject_over_30m,keep_withheld_priority_review
257.1,Steichen's Grocery & Deli,withheld,"In the Commissary building, just north of the Sheep & Poultry Barn",-93.174651815259,44.978967488752,named_place_or_building,Sheep & Poultry Barn,0.0,consistent_with_written_location,manual_evidence_required
3386.1,Strawberries 'N Creme,verified,West side of Underwood St. at Wright Ave.,-93.170747,44.984002,street_corridor,Underwood Street,20.7,manual_review_15_to_30m,retain_verified
9260.1,The Strawberry Patch,verified,West side of Liggett St. between Carnes & Judson avenues,-93.1756591,44.9792484,street_segment,Liggett Street between Carnes Avenue and Judson Avenue,23.0,manual_review_15_to_30m,retain_verified
3394.1,Sugar Shack,withheld,At the Mighty Midway,-93.177235873077,44.980200388489,named_place_or_building,Midway Lot,6.1,consistent_with_written_location,manual_evidence_required
3398.1,Summer Lakes Boat House,verified,Southwest corner of Randall Ave. & Underwood St.,-93.1707496,44.9840099,street_corner,Randall Avenue & Underwood Street,46.7,reject_over_30m,reopen_verified_before_next_publish
3276.2,Summit On A Stick,withheld,"At the International Bazaar, north section",-93.1691058,44.9780534,named_place_or_building,International Bazaar,5.5,consistent_with_written_location,manual_evidence_required
3408.1,Super Dog,withheld,east side of Liggett Street between West Dan Patch and Carnes avenues,-93.176094986179,44.979555170138,street_segment,Liggett Street between West Dan Patch Avenue and Carnes Avenue,66.2,reject_over_30m,keep_withheld_priority_review
3412.1,Sweet & Sour USA,withheld,"In the Lee & Rose Warner Coliseum, south wall",-93.175783639681,44.978339509055,named_place_or_building,Lee & Rose Warner Coliseum,47.9,reject_over_30m,keep_withheld_priority_review
2079.1,Sweet Martha's Cookie Jar,withheld,North side of West Dan Patch Ave. between Liggett & Chambers streets,-93.173640357692,44.98006676588,street_segment,West Dan Patch Avenue between Liggett Street and Chambers Street,103.1,reject_over_30m,keep_withheld_priority_review
3983.1,Sweet Martha's Cookie Jar,verified,South side of Carnes Ave. between Nelson & Underwood streets,-93.1715896,44.9797695,street_segment,Carnes Avenue between Nelson Street and Underwood Street,13.1,consistent_with_written_location,retain_verified
3981.1,Sweet Martha's Cookie Jar,withheld,West side of Underwood St. between Murphy & Lee avenues,-93.171870286538,44.987169390239,street_segment,Underwood Street between Murphy Avenue and Lee Avenue,111.7,reject_over_30m,keep_withheld_priority_review
1509.1,Sweets & Treats,withheld,North side of Dan Patch Ave. between Underwood & Cooper streets,-93.170089029487,44.98229727677,street_segment,Dan Patch Avenue between Underwood Street and Cooper Street,130.7,reject_over_30m,keep_withheld_priority_review
1509.2,Sweets & Treats,withheld,At Kidway,-93.1700536,44.9827569,named_place_or_building,Kidway Lot,22.0,manual_review_15_to_30m,manual_evidence_required
792.4,Swine & Spuds,withheld,"In the Lee & Rose Warner Coliseum, northeast corner",-93.17225460208,44.979240459781,named_place_or_building,Lee & Rose Warner Coliseum,145.3,reject_over_30m,keep_withheld_priority_review
8535.1,Tasti Whip,withheld,Located on the northwest corner of Dan Patch Ave. & Underwood St.,-93.1708134,44.981263985612,street_corner,Dan Patch Avenue & Underwood Street,27.4,manual_review_15_to_30m,manual_evidence_required
5581.2,Taulelle's Jurassic Corn Dogs,withheld,East side of Underwood St. between Murphy & Lee avenues,-93.1701963,44.9868911,street_segment,Underwood Street between Murphy Avenue and Lee Avenue,20.1,manual_review_15_to_30m,manual_evidence_required
3436.1,Tejas Express,withheld,"In The Garden, north wall",-93.168996351282,44.98179751625,named_place_or_building,Treasure Island | The Garden,139.2,reject_over_30m,keep_withheld_priority_review
6137.1,Three Sisters Concessions,withheld,"North side of Judson Ave., outside the Horse Barn",-93.177128282051,44.979453648713,named_place_or_building,Horse Barn,7.9,consistent_with_written_location,manual_evidence_required
1948.1,Tino's Pizza on a Stick,withheld,South side of Carnes Ave. at Chambers St.,-93.17386817328,44.980287329012,street_corridor,Carnes Avenue,45.7,reject_over_30m,keep_withheld_priority_review
3792.1,Tiny Tim Donuts,verified,North side of Carnes Ave. between Chambers & Clough streets,-93.1737502,44.9800518,street_segment,Carnes Avenue between Chambers Street and Clough Street,19.4,manual_review_15_to_30m,retain_verified
1511.2,Tom Thumb Donuts,withheld,"West side of Cooper St. between Wright & Dan Patch avenues, at Kidway",-93.170635573077,44.981201815486,street_segment,Cooper Street between Wright Avenue and Dan Patch Avenue,116.1,reject_over_30m,keep_withheld_priority_review
1511.1,Tom Thumb Mini Donuts,withheld,Southwest corner of Carnes Ave. & Underwood St.,-93.170690246154,44.979724936709,street_corner,Carnes Avenue & Underwood Street,21.8,manual_review_15_to_30m,manual_evidence_required
266.1,Tot Boss,withheld,"East side of Underwood St. between Wright & Dan Patch avenues, south of Kidway",-93.170129896154,44.981740759494,street_segment,Underwood Street between Wright Avenue and Dan Patch Avenue,30.3,reject_over_30m,keep_withheld_priority_review
2924.1,Turkey to Go,verified,East side of Clough St. between Carnes & Judson avenues,-93.1733812,44.9789745,street_segment,Clough Street between Carnes Avenue and Judson Avenue,15.7,manual_review_15_to_30m,retain_verified
9613.1,Two Rivers Kettle Korn,withheld,"At West End Market, southeast section",-93.175035267308,44.979868402748,unparsed,,,unparsed,manual_evidence_required
5659.1,Union Hmong Kitchen,withheld,"At the International Bazaar, south wall, west corner",-93.169329396154,44.978077625899,named_place_or_building,International Bazaar,7.7,consistent_with_written_location,manual_evidence_required
11221.1,Urban Glow Mocktails,withheld,"At the North End, northeast section, across from the North End Event Center",-93.168815805769,44.987328504634,named_place_or_building,North End Event Center,2.8,consistent_with_written_location,manual_evidence_required
5609.1,Waffle Chix,withheld,On Judson Ave. between Liggett & Clough streets,-93.173594415385,44.977922554281,street_segment,Judson Avenue between Liggett Street and Clough Street,74.2,reject_over_30m,keep_withheld_priority_review
3549.1,Waffle Cones,withheld,At Kidway,-93.169491997436,44.983858944196,named_place_or_building,Kidway Lot,81.3,reject_over_30m,keep_withheld_priority_review
3553.1,Walleye On a Stick,withheld,"In the Food Building, southeast center section",-93.170935754503,44.979341423154,named_place_or_building,Food Building,90.3,reject_over_30m,keep_withheld_priority_review
3567.1,West End Creamery,withheld,"At West End Market, northwest section",-93.177867692667,44.982321192342,unparsed,,,unparsed,manual_evidence_required
1286.1,West Indies Soul Food,withheld,"At the International Bazaar, south wall",-93.167824609615,44.978695544365,named_place_or_building,International Bazaar,73.5,reject_over_30m,keep_withheld_priority_review
4872.1,Westmoreland Concessions,withheld,At Mighty Midway,-93.177864078205,44.981119307408,named_place_or_building,Midway Lot,96.7,reject_over_30m,keep_withheld_priority_review
10572.1,Wild Rice Specialties,withheld,"In the Food Building, northeast section",-93.170024120435,44.981123259354,named_place_or_building,Food Building,15.1,manual_review_15_to_30m,manual_evidence_required
6202.1,Wow Fudge,withheld,"In the Merch Market, center aisle",-93.167754614103,44.981460214392,named_place_or_building,Merchandise Mart,85.6,reject_over_30m,keep_withheld_priority_review
